filename,width,height,class,xmin,ymin,xmax,ymax
531.jpg,900,900,tip,386,443,452,472
531.jpg,900,900,tip,424,421,462,460
531.jpg,900,900,tip,439,393,495,439
531.jpg,900,900,tip,401,213,452,257
531.jpg,900,900,tip,493,314,553,384
459.jpg,900,900,tip,232,398,289,440
459.jpg,900,900,tip,309,304,375,365
459.jpg,900,900,tip,356,259,428,319
459.jpg,900,900,tip,487,397,551,452
459.jpg,900,900,tip,629,359,704,443
342.jpg,900,900,tip,285,351,349,406
342.jpg,900,900,tip,415,270,475,332
342.jpg,900,900,tip,539,255,601,331
342.jpg,900,900,tip,610,293,679,366
342.jpg,900,900,tip,701,490,784,546
393.jpg,900,900,tip,223,319,305,397
393.jpg,900,900,tip,231,250,316,334
393.jpg,900,900,tip,452,480,524,539
393.jpg,900,900,tip,510,448,576,513
397.jpg,900,900,tip,364,449,434,504
397.jpg,900,900,tip,504,596,564,645
397.jpg,900,900,tip,546,568,604,625
397.jpg,900,900,tip,545,361,615,423
397.jpg,900,900,tip,716,510,795,559
395.jpg,900,900,tip,191,427,277,477
395.jpg,900,900,tip,296,435,376,494
395.jpg,900,900,tip,372,420,453,480
395.jpg,900,900,tip,379,337,452,403
395.jpg,900,900,tip,532,335,643,426
223.jpg,900,900,tip,431,512,475,549
223.jpg,900,900,tip,471,510,515,550
223.jpg,900,900,tip,501,494,542,533
223.jpg,900,900,tip,538,485,571,525
223.jpg,900,900,tip,541,427,592,472
537.jpg,900,900,tip,291,380,348,419
537.jpg,900,900,tip,452,406,498,445
537.jpg,900,900,tip,357,287,408,335
537.jpg,900,900,tip,482,302,535,344
537.jpg,900,900,tip,650,370,719,417
329.jpg,900,900,tip,299,265,346,306
329.jpg,900,900,tip,350,232,402,283
329.jpg,900,900,tip,408,223,468,267
329.jpg,900,900,tip,475,218,537,271
329.jpg,900,900,tip,483,313,559,363
327.jpg,900,900,tip,197,324,270,385
327.jpg,900,900,tip,214,221,286,292
327.jpg,900,900,tip,283,164,379,254
327.jpg,900,900,tip,526,504,610,583
327.jpg,900,900,tip,747,410,868,482
163.jpg,900,900,tip,212,264,262,300
163.jpg,900,900,tip,273,213,313,246
163.jpg,900,900,tip,338,188,386,222
163.jpg,900,900,tip,447,207,487,247
163.jpg,900,900,tip,563,317,630,360
262.jpg,900,900,tip,336,389,383,427
262.jpg,900,900,tip,483,508,536,545
262.jpg,900,900,tip,513,484,561,518
262.jpg,900,900,tip,533,340,579,391
262.jpg,900,900,tip,675,474,736,512
414.jpg,900,900,tip,390,363,425,395
414.jpg,900,900,tip,418,313,455,345
414.jpg,900,900,tip,462,286,495,318
414.jpg,900,900,tip,522,274,564,312
414.jpg,900,900,tip,664,351,717,380
67.jpg,900,900,tip,493,340,523,364
67.jpg,900,900,tip,425,224,465,253
67.jpg,900,900,tip,494,195,530,233
67.jpg,900,900,tip,527,198,564,234
67.jpg,900,900,tip,650,299,705,332
166.jpg,900,900,tip,246,448,295,479
166.jpg,900,900,tip,286,352,327,389
166.jpg,900,900,tip,351,323,401,363
166.jpg,900,900,tip,474,373,528,413
166.jpg,900,900,tip,624,448,688,491
444.jpg,900,900,tip,223,283,272,331
444.jpg,900,900,tip,233,208,289,255
444.jpg,900,900,tip,297,185,358,224
444.jpg,900,900,tip,366,179,419,230
444.jpg,900,900,tip,488,249,542,314
92.jpg,900,900,tip,272,340,339,396
92.jpg,900,900,tip,316,286,381,341
92.jpg,900,900,tip,491,469,560,521
92.jpg,900,900,tip,554,448,605,506
173.jpg,900,900,tip,362,474,428,522
173.jpg,900,900,tip,405,432,471,485
173.jpg,900,900,tip,461,415,530,468
173.jpg,900,900,tip,541,434,600,485
173.jpg,900,900,tip,555,500,648,559
130.jpg,900,900,tip,64,260,143,322
130.jpg,900,900,tip,304,353,393,416
130.jpg,900,900,tip,217,168,295,229
130.jpg,900,900,tip,405,293,471,354
130.jpg,900,900,tip,518,276,603,367
252.jpg,900,900,tip,65,245,153,316
252.jpg,900,900,tip,216,112,310,203
252.jpg,900,900,tip,345,161,454,232
252.jpg,900,900,tip,497,283,580,372
252.jpg,900,900,tip,631,331,723,455
319.jpg,900,900,tip,284,521,336,567
319.jpg,900,900,tip,284,432,345,487
319.jpg,900,900,tip,327,369,391,417
319.jpg,900,900,tip,446,342,499,392
319.jpg,900,900,tip,617,417,688,484
71.jpg,900,900,tip,173,416,243,469
71.jpg,900,900,tip,287,306,351,366
71.jpg,900,900,tip,409,269,472,327
71.jpg,900,900,tip,522,290,588,359
71.jpg,900,900,tip,703,494,795,537
270.jpg,900,900,tip,402,424,445,457
270.jpg,900,900,tip,387,366,438,401
270.jpg,900,900,tip,427,322,471,363
270.jpg,900,900,tip,578,353,617,388
270.jpg,900,900,tip,632,323,683,375
374.jpg,900,900,tip,148,398,226,448
374.jpg,900,900,tip,236,292,310,344
374.jpg,900,900,tip,346,250,412,305
374.jpg,900,900,tip,503,268,561,325
374.jpg,900,900,tip,673,413,758,484
158.jpg,900,900,tip,341,353,382,385
158.jpg,900,900,tip,373,274,413,315
158.jpg,900,900,tip,445,237,489,284
158.jpg,900,900,tip,519,254,554,297
158.jpg,900,900,tip,666,352,732,387
216.jpg,900,900,tip,332,422,401,468
216.jpg,900,900,tip,540,488,608,548
216.jpg,900,900,tip,462,323,521,384
216.jpg,900,900,tip,572,353,630,410
216.jpg,900,900,tip,777,442,873,505
37.jpg,900,900,tip,404,330,450,365
37.jpg,900,900,tip,427,271,488,317
37.jpg,900,900,tip,476,257,534,303
37.jpg,900,900,tip,529,331,583,358
37.jpg,900,900,tip,571,253,627,310
147.jpg,900,900,tip,421,529,455,560
147.jpg,900,900,tip,449,518,495,556
147.jpg,900,900,tip,475,498,522,531
147.jpg,900,900,tip,506,478,550,515
378.jpg,900,900,tip,341,439,404,485
378.jpg,900,900,tip,397,400,463,465
378.jpg,900,900,tip,456,377,530,439
378.jpg,900,900,tip,550,373,616,433
378.jpg,900,900,tip,588,477,706,539
404.jpg,900,900,tip,309,401,345,444
404.jpg,900,900,tip,373,340,413,390
404.jpg,900,900,tip,429,323,479,363
404.jpg,900,900,tip,505,327,550,370
404.jpg,900,900,tip,608,406,663,455
107.jpg,900,900,tip,318,434,376,469
107.jpg,900,900,tip,386,335,441,385
107.jpg,900,900,tip,449,318,513,375
107.jpg,900,900,tip,560,328,615,382
107.jpg,900,900,tip,755,443,834,486
479.jpg,900,900,tip,211,454,272,494
479.jpg,900,900,tip,265,350,337,405
479.jpg,900,900,tip,336,301,397,360
479.jpg,900,900,tip,476,293,542,352
479.jpg,900,900,tip,685,454,768,495
254.jpg,900,900,tip,370,352,428,392
254.jpg,900,900,tip,325,248,386,288
254.jpg,900,900,tip,342,211,393,250
254.jpg,900,900,tip,456,235,509,282
254.jpg,900,900,tip,508,310,565,377
261.jpg,900,900,tip,459,442,503,472
261.jpg,900,900,tip,482,398,526,430
261.jpg,900,900,tip,505,374,558,407
261.jpg,900,900,tip,586,361,626,396
261.jpg,900,900,tip,629,390,675,441
115.jpg,900,900,tip,396,436,452,473
115.jpg,900,900,tip,412,401,468,444
115.jpg,900,900,tip,287,180,345,238
115.jpg,900,900,tip,339,212,401,249
115.jpg,900,900,tip,491,307,555,369
55.jpg,900,900,tip,339,415,408,456
55.jpg,900,900,tip,411,365,487,420
55.jpg,900,900,tip,495,347,565,400
55.jpg,900,900,tip,586,373,651,428
55.jpg,900,900,tip,724,420,824,496
526.jpg,900,900,tip,375,393,441,446
526.jpg,900,900,tip,378,340,448,392
526.jpg,900,900,tip,442,307,517,370
526.jpg,900,900,tip,561,460,617,510
526.jpg,900,900,tip,411,454,489,520
300.jpg,900,900,tip,485,410,515,436
300.jpg,900,900,tip,420,276,457,311
300.jpg,900,900,tip,486,279,513,311
300.jpg,900,900,tip,596,360,636,387
80.jpg,900,900,tip,423,355,472,414
80.jpg,900,900,tip,450,299,513,355
80.jpg,900,900,tip,639,287,699,352
80.jpg,900,900,tip,698,299,763,376
80.jpg,900,900,tip,751,491,833,566
214.jpg,900,900,tip,347,479,415,518
214.jpg,900,900,tip,343,382,427,438
214.jpg,900,900,tip,416,330,494,388
214.jpg,900,900,tip,552,432,619,494
214.jpg,900,900,tip,669,462,750,546
422.jpg,900,900,tip,273,417,328,467
422.jpg,900,900,tip,436,521,495,576
422.jpg,900,900,tip,394,330,453,387
422.jpg,900,900,tip,499,359,551,413
422.jpg,900,900,tip,684,503,772,559
333.jpg,900,900,tip,437,567,484,606
333.jpg,900,900,tip,489,548,546,603
333.jpg,900,900,tip,506,498,566,548
333.jpg,900,900,tip,523,368,583,412
333.jpg,900,900,tip,709,471,800,521
88.jpg,900,900,tip,462,384,499,401
88.jpg,900,900,tip,568,422,599,446
88.jpg,900,900,tip,577,404,604,428
88.jpg,900,900,tip,558,332,587,362
88.jpg,900,900,tip,681,401,720,422
138.jpg,900,900,tip,382,428,441,464
138.jpg,900,900,tip,400,396,457,436
138.jpg,900,900,tip,306,218,355,275
138.jpg,900,900,tip,414,245,470,299
138.jpg,900,900,tip,546,322,624,381
257.jpg,900,900,tip,297,436,355,480
257.jpg,900,900,tip,351,377,410,426
257.jpg,900,900,tip,406,359,464,406
257.jpg,900,900,tip,500,423,564,477
235.jpg,900,900,tip,314,458,360,513
235.jpg,900,900,tip,366,433,431,487
235.jpg,900,900,tip,468,473,528,519
235.jpg,900,900,tip,540,535,594,587
235.jpg,900,900,tip,678,487,756,531
255.jpg,900,900,tip,450,361,486,399
255.jpg,900,900,tip,468,307,504,349
255.jpg,900,900,tip,501,273,542,311
255.jpg,900,900,tip,615,257,659,306
255.jpg,900,900,tip,510,361,559,407
335.jpg,900,900,tip,239,378,293,424
335.jpg,900,900,tip,330,269,393,333
335.jpg,900,900,tip,469,231,529,316
335.jpg,900,900,tip,555,274,613,344
335.jpg,900,900,tip,712,453,802,525
156.jpg,900,900,tip,412,477,460,510
156.jpg,900,900,tip,444,452,508,499
156.jpg,900,900,tip,451,379,506,427
156.jpg,900,900,tip,490,354,523,381
156.jpg,900,900,tip,515,358,572,450
95.jpg,900,900,tip,440,428,465,449
95.jpg,900,900,tip,460,419,493,448
95.jpg,900,900,tip,404,293,437,327
95.jpg,900,900,tip,471,303,502,329
95.jpg,900,900,tip,556,375,598,401
405.jpg,900,900,tip,471,507,533,554
405.jpg,900,900,tip,488,451,562,510
405.jpg,900,900,tip,483,358,542,411
405.jpg,900,900,tip,549,363,615,420
405.jpg,900,900,tip,712,413,799,485
222.jpg,900,900,tip,386,431,430,476
222.jpg,900,900,tip,414,389,459,443
222.jpg,900,900,tip,459,347,505,397
222.jpg,900,900,tip,539,366,588,421
222.jpg,900,900,tip,645,506,719,546
288.jpg,900,900,tip,439,358,502,411
288.jpg,900,900,tip,478,298,528,349
288.jpg,900,900,tip,520,277,585,326
288.jpg,900,900,tip,630,296,688,342
288.jpg,900,900,tip,824,421,894,459
204.jpg,900,900,tip,292,393,341,438
204.jpg,900,900,tip,365,314,420,372
204.jpg,900,900,tip,462,290,520,359
204.jpg,900,900,tip,556,318,609,387
204.jpg,900,900,tip,669,478,760,533
50.jpg,900,900,tip,450,375,480,403
50.jpg,900,900,tip,550,418,582,442
50.jpg,900,900,tip,558,401,595,424
50.jpg,900,900,tip,543,330,574,360
50.jpg,900,900,tip,664,397,707,419
195.jpg,900,900,tip,523,178,564,210
195.jpg,900,900,tip,545,137,593,175
195.jpg,900,900,tip,593,113,636,162
195.jpg,900,900,tip,635,138,678,188
195.jpg,900,900,tip,694,238,735,294
191.jpg,900,900,tip,328,383,370,417
191.jpg,900,900,tip,360,310,409,358
191.jpg,900,900,tip,400,283,451,326
191.jpg,900,900,tip,542,404,586,447
191.jpg,900,900,tip,656,390,735,427
470.jpg,900,900,tip,388,325,485,386
470.jpg,900,900,tip,338,222,416,280
470.jpg,900,900,tip,398,185,472,266
470.jpg,900,900,tip,547,203,626,286
470.jpg,900,900,tip,622,323,701,411
6.jpg,900,900,tip,396,566,445,595
6.jpg,900,900,tip,427,531,493,583
6.jpg,900,900,tip,381,359,460,416
6.jpg,900,900,tip,490,406,567,449
6.jpg,900,900,tip,477,430,537,480
164.jpg,900,900,tip,439,493,473,519
164.jpg,900,900,tip,448,431,484,462
164.jpg,900,900,tip,476,403,511,430
164.jpg,900,900,tip,574,425,616,454
164.jpg,900,900,tip,635,409,692,448
196.jpg,900,900,tip,354,453,415,505
196.jpg,900,900,tip,337,376,391,430
196.jpg,900,900,tip,456,499,509,541
196.jpg,900,900,tip,420,316,476,374
196.jpg,900,900,tip,483,333,526,382
316.jpg,900,900,tip,271,469,331,510
316.jpg,900,900,tip,436,452,501,497
316.jpg,900,900,tip,519,528,588,577
316.jpg,900,900,tip,658,495,729,551
284.jpg,900,900,tip,214,381,274,431
284.jpg,900,900,tip,306,281,372,340
284.jpg,900,900,tip,373,237,454,304
284.jpg,900,900,tip,531,236,597,312
284.jpg,900,900,tip,552,444,642,504
46.jpg,900,900,tip,305,409,367,456
46.jpg,900,900,tip,353,367,418,422
46.jpg,900,900,tip,400,333,473,382
46.jpg,900,900,tip,489,158,557,231
46.jpg,900,900,tip,521,402,612,466
337.jpg,900,900,tip,509,580,565,624
337.jpg,900,900,tip,531,550,589,603
337.jpg,900,900,tip,424,313,486,367
337.jpg,900,900,tip,573,384,622,427
337.jpg,900,900,tip,801,520,886,566
241.jpg,900,900,tip,337,363,392,399
241.jpg,900,900,tip,390,338,451,381
241.jpg,900,900,tip,447,300,508,344
241.jpg,900,900,tip,523,316,580,368
241.jpg,900,900,tip,593,381,660,448
182.jpg,900,900,tip,221,399,280,445
182.jpg,900,900,tip,312,308,372,369
182.jpg,900,900,tip,377,261,447,323
182.jpg,900,900,tip,545,454,609,503
182.jpg,900,900,tip,665,443,748,485
449.jpg,900,900,tip,325,365,405,420
449.jpg,900,900,tip,433,273,501,338
449.jpg,900,900,tip,515,266,579,330
449.jpg,900,900,tip,648,295,710,358
449.jpg,900,900,tip,824,461,900,509
266.jpg,900,900,tip,294,401,349,444
266.jpg,900,900,tip,458,402,520,446
266.jpg,900,900,tip,479,359,530,401
266.jpg,900,900,tip,511,328,563,384
266.jpg,900,900,tip,627,354,702,419
425.jpg,900,900,tip,315,333,363,367
425.jpg,900,900,tip,398,259,444,305
425.jpg,900,900,tip,472,232,523,281
425.jpg,900,900,tip,548,265,601,320
425.jpg,900,900,tip,690,411,746,452
278.jpg,900,900,tip,250,225,312,280
278.jpg,900,900,tip,315,181,381,240
278.jpg,900,900,tip,381,149,444,190
278.jpg,900,900,tip,486,156,549,211
278.jpg,900,900,tip,509,283,580,360
354.jpg,900,900,tip,256,240,306,290
354.jpg,900,900,tip,305,193,371,238
354.jpg,900,900,tip,368,155,432,203
354.jpg,900,900,tip,477,161,537,212
354.jpg,900,900,tip,497,287,568,358
420.jpg,900,900,tip,199,423,271,478
420.jpg,900,900,tip,277,291,341,364
420.jpg,900,900,tip,384,231,466,306
420.jpg,900,900,tip,499,260,585,348
420.jpg,900,900,tip,738,458,852,534
283.jpg,900,900,tip,186,403,255,450
283.jpg,900,900,tip,293,282,362,344
283.jpg,900,900,tip,375,244,455,310
283.jpg,900,900,tip,520,278,593,352
283.jpg,900,900,tip,742,458,859,520
277.jpg,900,900,tip,573,378,607,407
277.jpg,900,900,tip,601,366,627,398
277.jpg,900,900,tip,622,357,652,384
277.jpg,900,900,tip,655,292,694,351
139.jpg,900,900,tip,330,387,383,437
139.jpg,900,900,tip,487,494,534,540
139.jpg,900,900,tip,526,491,562,529
139.jpg,900,900,tip,531,332,574,398
139.jpg,900,900,tip,658,468,737,514
441.jpg,900,900,tip,398,430,439,468
441.jpg,900,900,tip,386,354,429,398
441.jpg,900,900,tip,410,311,462,347
441.jpg,900,900,tip,497,272,545,311
441.jpg,900,900,tip,644,313,683,360
180.jpg,900,900,tip,380,336,422,374
180.jpg,900,900,tip,423,253,452,290
180.jpg,900,900,tip,433,206,491,258
180.jpg,900,900,tip,505,206,557,270
180.jpg,900,900,tip,494,370,575,453
78.jpg,900,900,tip,191,114,279,184
78.jpg,900,900,tip,347,1,425,71
78.jpg,900,900,tip,620,22,686,96
78.jpg,900,900,tip,814,271,900,330
68.jpg,900,900,tip,299,522,356,561
68.jpg,900,900,tip,392,544,452,583
68.jpg,900,900,tip,442,528,516,574
68.jpg,900,900,tip,492,488,550,536
68.jpg,900,900,tip,532,468,585,514
213.jpg,900,900,tip,448,378,484,407
213.jpg,900,900,tip,482,364,515,390
213.jpg,900,900,tip,511,348,541,382
213.jpg,900,900,tip,546,349,577,386
213.jpg,900,900,tip,620,378,676,415
408.jpg,900,900,tip,426,400,455,425
408.jpg,900,900,tip,435,383,470,412
408.jpg,900,900,tip,383,281,419,319
408.jpg,900,900,tip,502,328,535,361
513.jpg,900,900,tip,177,278,249,345
513.jpg,900,900,tip,271,198,338,264
513.jpg,900,900,tip,343,159,421,230
513.jpg,900,900,tip,479,193,559,257
513.jpg,900,900,tip,545,327,620,402
427.jpg,900,900,tip,444,571,508,611
427.jpg,900,900,tip,421,472,502,524
427.jpg,900,900,tip,394,336,477,384
427.jpg,900,900,tip,519,361,591,404
427.jpg,900,900,tip,695,463,786,523
228.jpg,900,900,tip,326,385,368,439
228.jpg,900,900,tip,466,464,524,514
228.jpg,900,900,tip,516,462,553,514
228.jpg,900,900,tip,532,329,574,392
228.jpg,900,900,tip,648,465,735,510
118.jpg,900,900,tip,370,372,412,404
118.jpg,900,900,tip,404,312,448,350
118.jpg,900,900,tip,474,277,516,329
118.jpg,900,900,tip,540,287,582,336
118.jpg,900,900,tip,684,401,753,444
135.jpg,900,900,tip,367,382,403,413
135.jpg,900,900,tip,396,309,434,346
135.jpg,900,900,tip,458,273,497,314
135.jpg,900,900,tip,526,275,570,310
135.jpg,900,900,tip,683,369,745,410
280.jpg,900,900,tip,352,407,408,451
280.jpg,900,900,tip,422,320,491,376
280.jpg,900,900,tip,473,294,528,351
280.jpg,900,900,tip,547,324,605,377
280.jpg,900,900,tip,780,477,880,528
343.jpg,900,900,tip,400,254,432,289
343.jpg,900,900,tip,429,211,464,252
343.jpg,900,900,tip,484,181,529,222
343.jpg,900,900,tip,541,185,575,226
343.jpg,900,900,tip,658,305,716,334
450.jpg,900,900,tip,390,420,429,461
450.jpg,900,900,tip,391,381,445,426
450.jpg,900,900,tip,477,360,523,408
450.jpg,900,900,tip,515,364,559,418
450.jpg,900,900,tip,557,451,597,506
325.jpg,900,900,tip,568,323,626,364
325.jpg,900,900,tip,502,215,543,270
325.jpg,900,900,tip,531,201,569,248
325.jpg,900,900,tip,631,230,678,290
325.jpg,900,900,tip,766,364,830,414
438.jpg,900,900,tip,317,294,351,320
438.jpg,900,900,tip,346,234,386,268
438.jpg,900,900,tip,410,206,439,240
438.jpg,900,900,tip,484,205,523,239
438.jpg,900,900,tip,601,299,658,325
305.jpg,900,900,tip,393,343,434,382
305.jpg,900,900,tip,418,293,466,347
305.jpg,900,900,tip,456,272,519,326
305.jpg,900,900,tip,649,277,710,337
305.jpg,900,900,tip,416,383,495,443
407.jpg,900,900,tip,270,174,342,246
407.jpg,900,900,tip,485,365,552,427
407.jpg,900,900,tip,541,361,608,417
407.jpg,900,900,tip,597,158,683,231
407.jpg,900,900,tip,778,350,868,406
4.jpg,900,900,tip,292,334,377,395
4.jpg,900,900,tip,383,349,484,432
4.jpg,900,900,tip,462,321,539,411
4.jpg,900,900,tip,544,342,621,430
4.jpg,900,900,tip,601,414,679,482
291.jpg,900,900,tip,185,335,250,380
291.jpg,900,900,tip,356,297,431,342
291.jpg,900,900,tip,471,383,535,439
291.jpg,900,900,tip,528,340,587,385
291.jpg,900,900,tip,648,412,737,464
492.jpg,900,900,tip,375,387,427,431
492.jpg,900,900,tip,435,305,482,361
492.jpg,900,900,tip,501,274,557,330
492.jpg,900,900,tip,610,288,663,345
492.jpg,900,900,tip,766,411,841,460
153.jpg,900,900,tip,412,523,450,555
153.jpg,900,900,tip,441,503,481,541
153.jpg,900,900,tip,312,313,367,361
153.jpg,900,900,tip,442,311,494,361
153.jpg,900,900,tip,479,414,529,464
517.jpg,900,900,tip,393,415,437,447
517.jpg,900,900,tip,421,390,463,426
517.jpg,900,900,tip,405,327,445,365
517.jpg,900,900,tip,466,335,503,370
517.jpg,900,900,tip,548,373,595,422
435.jpg,900,900,tip,279,299,359,346
435.jpg,900,900,tip,344,227,410,278
435.jpg,900,900,tip,468,192,530,245
435.jpg,900,900,tip,598,217,656,268
435.jpg,900,900,tip,799,328,889,377
447.jpg,900,900,tip,316,413,352,448
447.jpg,900,900,tip,344,318,392,358
447.jpg,900,900,tip,478,419,531,455
447.jpg,900,900,tip,466,328,515,371
447.jpg,900,900,tip,604,390,662,423
129.jpg,900,900,tip,272,403,322,444
129.jpg,900,900,tip,337,334,394,388
129.jpg,900,900,tip,406,296,468,362
129.jpg,900,900,tip,524,415,573,467
129.jpg,900,900,tip,642,439,720,494
152.jpg,900,900,tip,291,346,340,398
152.jpg,900,900,tip,332,334,399,384
152.jpg,900,900,tip,386,255,451,319
152.jpg,900,900,tip,451,255,524,300
152.jpg,900,900,tip,603,395,701,456
109.jpg,900,900,tip,229,282,294,334
109.jpg,900,900,tip,452,410,524,469
109.jpg,900,900,tip,356,150,436,225
109.jpg,900,900,tip,491,190,552,249
109.jpg,900,900,tip,736,345,817,394
70.jpg,900,900,tip,303,404,351,444
70.jpg,900,900,tip,475,515,522,556
70.jpg,900,900,tip,494,488,540,523
70.jpg,900,900,tip,460,335,506,378
70.jpg,900,900,tip,642,473,700,510
366.jpg,900,900,tip,316,407,377,448
366.jpg,900,900,tip,361,321,417,373
366.jpg,900,900,tip,446,280,508,334
366.jpg,900,900,tip,527,283,577,331
366.jpg,900,900,tip,652,399,716,472
114.jpg,900,900,tip,312,178,384,241
114.jpg,900,900,tip,379,94,464,162
114.jpg,900,900,tip,496,68,578,155
114.jpg,900,900,tip,666,289,736,369
114.jpg,900,900,tip,809,374,900,450
209.jpg,900,900,tip,342,213,390,251
209.jpg,900,900,tip,409,145,460,198
209.jpg,900,900,tip,479,111,536,164
209.jpg,900,900,tip,562,128,608,187
209.jpg,900,900,tip,611,241,664,298
201.jpg,900,900,tip,325,433,389,485
201.jpg,900,900,tip,481,585,541,635
201.jpg,900,900,tip,524,559,582,618
201.jpg,900,900,tip,509,397,573,463
201.jpg,900,900,tip,694,509,788,566
519.jpg,900,900,tip,335,332,409,405
519.jpg,900,900,tip,383,205,459,294
519.jpg,900,900,tip,466,180,537,280
519.jpg,900,900,tip,643,227,717,313
519.jpg,900,900,tip,802,411,900,491
264.jpg,900,900,tip,395,303,445,355
264.jpg,900,900,tip,494,234,564,283
264.jpg,900,900,tip,573,217,639,274
264.jpg,900,900,tip,650,258,699,319
264.jpg,900,900,tip,786,413,873,464
440.jpg,900,900,tip,295,461,350,498
440.jpg,900,900,tip,361,374,423,426
440.jpg,900,900,tip,438,374,497,424
440.jpg,900,900,tip,536,530,589,568
440.jpg,900,900,tip,692,474,770,526
402.jpg,900,900,tip,563,386,610,423
402.jpg,900,900,tip,626,443,669,494
402.jpg,900,900,tip,630,379,684,424
402.jpg,900,900,tip,636,298,678,345
402.jpg,900,900,tip,733,430,809,472
56.jpg,900,900,tip,210,420,262,458
56.jpg,900,900,tip,283,327,334,367
56.jpg,900,900,tip,390,283,439,332
56.jpg,900,900,tip,495,300,537,353
56.jpg,900,900,tip,632,466,701,503
463.jpg,900,900,tip,309,391,349,417
463.jpg,900,900,tip,346,307,390,352
463.jpg,900,900,tip,395,278,450,325
463.jpg,900,900,tip,523,426,562,473
463.jpg,900,900,tip,629,386,691,427
369.jpg,900,900,tip,381,415,429,459
369.jpg,900,900,tip,389,384,443,430
369.jpg,900,900,tip,298,211,355,266
369.jpg,900,900,tip,413,238,458,293
369.jpg,900,900,tip,536,314,615,372
299.jpg,900,900,tip,292,488,362,531
299.jpg,900,900,tip,276,273,342,327
299.jpg,900,900,tip,374,240,446,292
299.jpg,900,900,tip,506,231,578,292
299.jpg,900,900,tip,556,445,655,508
268.jpg,900,900,tip,442,322,497,369
268.jpg,900,900,tip,504,322,554,366
268.jpg,900,900,tip,552,318,596,358
268.jpg,900,900,tip,600,316,645,356
268.jpg,900,900,tip,658,334,718,404
174.jpg,900,900,tip,203,287,264,332
174.jpg,900,900,tip,273,223,331,277
174.jpg,900,900,tip,315,208,372,255
174.jpg,900,900,tip,435,234,495,294
174.jpg,900,900,tip,560,302,616,378
230.jpg,900,900,tip,323,444,390,492
230.jpg,900,900,tip,384,407,450,462
230.jpg,900,900,tip,443,376,514,428
230.jpg,900,900,tip,535,379,601,434
230.jpg,900,900,tip,572,482,659,547
389.jpg,900,900,tip,337,314,383,359
389.jpg,900,900,tip,330,243,384,275
389.jpg,900,900,tip,375,218,438,257
389.jpg,900,900,tip,478,237,531,278
389.jpg,900,900,tip,489,293,577,359
445.jpg,900,900,tip,182,355,257,420
445.jpg,900,900,tip,283,266,350,331
445.jpg,900,900,tip,506,252,564,313
445.jpg,900,900,tip,545,283,601,351
445.jpg,900,900,tip,603,437,704,505
161.jpg,900,900,tip,480,430,537,472
161.jpg,900,900,tip,436,329,490,378
161.jpg,900,900,tip,371,319,433,367
161.jpg,900,900,tip,314,348,373,387
161.jpg,900,900,tip,283,408,326,455
499.jpg,900,900,tip,430,400,495,454
499.jpg,900,900,tip,499,387,563,460
499.jpg,900,900,tip,544,371,608,423
499.jpg,900,900,tip,593,343,657,405
499.jpg,900,900,tip,655,334,724,415
146.jpg,900,900,tip,286,347,349,403
146.jpg,900,900,tip,502,490,552,544
146.jpg,900,900,tip,524,450,580,499
146.jpg,900,900,tip,544,291,596,360
146.jpg,900,900,tip,649,460,725,499
510.jpg,900,900,tip,245,298,310,370
510.jpg,900,900,tip,262,224,337,297
510.jpg,900,900,tip,380,248,464,308
510.jpg,900,900,tip,514,265,603,329
510.jpg,900,900,tip,596,338,686,423
260.jpg,900,900,tip,108,322,195,397
260.jpg,900,900,tip,232,198,340,275
260.jpg,900,900,tip,385,163,477,240
260.jpg,900,900,tip,577,344,668,424
260.jpg,900,900,tip,755,373,882,498
511.jpg,900,900,tip,137,364,204,433
511.jpg,900,900,tip,190,344,277,405
511.jpg,900,900,tip,278,331,351,391
511.jpg,900,900,tip,355,331,436,394
511.jpg,900,900,tip,473,392,557,500
170.jpg,900,900,tip,297,359,350,397
170.jpg,900,900,tip,489,427,544,473
170.jpg,900,900,tip,426,304,479,344
170.jpg,900,900,tip,559,361,604,396
170.jpg,900,900,tip,731,484,809,532
539.jpg,900,900,tip,303,321,363,375
539.jpg,900,900,tip,453,345,533,405
539.jpg,900,900,tip,497,305,562,357
539.jpg,900,900,tip,555,239,624,305
539.jpg,900,900,tip,783,359,869,423
478.jpg,900,900,tip,326,280,406,333
478.jpg,900,900,tip,410,279,517,366
478.jpg,900,900,tip,506,266,588,353
478.jpg,900,900,tip,592,251,686,350
478.jpg,900,900,tip,602,354,735,444
96.jpg,900,900,tip,291,328,336,367
96.jpg,900,900,tip,450,401,509,442
96.jpg,900,900,tip,407,234,454,280
96.jpg,900,900,tip,529,286,565,320
96.jpg,900,900,tip,673,386,735,419
534.jpg,900,900,tip,355,373,398,412
534.jpg,900,900,tip,370,321,417,364
534.jpg,900,900,tip,409,293,464,345
534.jpg,900,900,tip,464,309,517,360
534.jpg,900,900,tip,551,414,602,467
149.jpg,900,900,tip,296,337,351,378
149.jpg,900,900,tip,381,279,428,322
149.jpg,900,900,tip,450,252,508,299
149.jpg,900,900,tip,538,273,597,324
149.jpg,900,900,tip,660,407,730,457
243.jpg,900,900,tip,133,315,216,374
243.jpg,900,900,tip,240,187,334,252
243.jpg,900,900,tip,388,131,475,216
243.jpg,900,900,tip,533,179,614,264
243.jpg,900,900,tip,776,430,898,495
104.jpg,900,900,tip,360,321,423,356
104.jpg,900,900,tip,507,287,567,331
104.jpg,900,900,tip,568,205,629,269
104.jpg,900,900,tip,666,233,716,296
104.jpg,900,900,tip,776,362,839,442
36.jpg,900,900,tip,334,416,378,462
36.jpg,900,900,tip,400,487,452,527
36.jpg,900,900,tip,490,516,545,555
36.jpg,900,900,tip,533,499,577,535
36.jpg,900,900,tip,535,390,582,430
9.jpg,900,900,tip,419,509,455,547
9.jpg,900,900,tip,454,506,499,546
9.jpg,900,900,tip,489,489,526,522
9.jpg,900,900,tip,518,473,551,503
469.jpg,900,900,tip,442,401,482,425
469.jpg,900,900,tip,511,388,549,414
469.jpg,900,900,tip,564,413,590,437
469.jpg,900,900,tip,533,330,573,364
469.jpg,900,900,tip,669,399,711,427
452.jpg,900,900,tip,209,328,275,398
452.jpg,900,900,tip,211,221,304,310
452.jpg,900,900,tip,293,168,397,259
452.jpg,900,900,tip,533,494,615,575
452.jpg,900,900,tip,757,405,885,494
202.jpg,900,900,tip,448,467,491,496
202.jpg,900,900,tip,584,462,621,492
202.jpg,900,900,tip,613,449,655,483
202.jpg,900,900,tip,576,371,618,408
202.jpg,900,900,tip,744,415,806,452
30.jpg,900,900,tip,186,438,266,489
30.jpg,900,900,tip,294,445,368,508
30.jpg,900,900,tip,364,437,442,485
30.jpg,900,900,tip,304,180,392,271
30.jpg,900,900,tip,506,356,615,446
286.jpg,900,900,tip,269,368,312,406
286.jpg,900,900,tip,314,285,358,327
286.jpg,900,900,tip,387,255,433,293
286.jpg,900,900,tip,488,269,532,325
286.jpg,900,900,tip,626,398,708,427
355.jpg,900,900,tip,303,392,379,446
355.jpg,900,900,tip,403,270,470,343
355.jpg,900,900,tip,512,241,585,313
355.jpg,900,900,tip,595,291,651,352
355.jpg,900,900,tip,810,453,900,529
125.jpg,900,900,tip,331,494,403,548
125.jpg,900,900,tip,432,507,496,558
125.jpg,900,900,tip,478,486,554,537
125.jpg,900,900,tip,444,329,516,373
125.jpg,900,900,tip,566,301,629,362
287.jpg,900,900,tip,405,525,479,573
287.jpg,900,900,tip,476,511,545,566
287.jpg,900,900,tip,513,468,581,523
287.jpg,900,900,tip,561,435,629,485
287.jpg,900,900,tip,646,495,740,562
41.jpg,900,900,tip,215,394,280,452
41.jpg,900,900,tip,282,310,348,376
41.jpg,900,900,tip,360,287,422,349
41.jpg,900,900,tip,321,449,404,508
41.jpg,900,900,tip,518,297,572,362
128.jpg,900,900,tip,313,442,368,472
128.jpg,900,900,tip,315,380,377,419
128.jpg,900,900,tip,361,328,405,368
128.jpg,900,900,tip,449,326,498,362
128.jpg,900,900,tip,601,339,647,398
371.jpg,900,900,tip,245,374,293,415
371.jpg,900,900,tip,299,312,350,361
371.jpg,900,900,tip,377,279,429,333
371.jpg,900,900,tip,439,297,481,344
371.jpg,900,900,tip,509,392,558,447
178.jpg,900,900,tip,278,263,326,315
178.jpg,900,900,tip,386,184,443,245
178.jpg,900,900,tip,487,149,549,220
178.jpg,900,900,tip,575,181,636,265
178.jpg,900,900,tip,709,397,812,441
198.jpg,900,900,tip,404,380,441,421
198.jpg,900,900,tip,431,328,480,369
198.jpg,900,900,tip,496,294,544,338
198.jpg,900,900,tip,571,304,612,360
198.jpg,900,900,tip,656,413,714,472
418.jpg,900,900,tip,359,463,430,514
418.jpg,900,900,tip,413,431,479,492
418.jpg,900,900,tip,479,427,542,471
418.jpg,900,900,tip,553,427,618,492
418.jpg,900,900,tip,558,494,675,551
361.jpg,900,900,tip,528,440,572,484
361.jpg,900,900,tip,526,388,575,430
361.jpg,900,900,tip,449,279,492,328
361.jpg,900,900,tip,538,304,581,357
361.jpg,900,900,tip,659,397,713,451
533.jpg,900,900,tip,276,392,341,439
533.jpg,900,900,tip,321,265,408,330
533.jpg,900,900,tip,496,345,571,399
533.jpg,900,900,tip,563,252,630,313
533.jpg,900,900,tip,762,386,853,444
221.jpg,900,900,tip,260,483,326,522
221.jpg,900,900,tip,321,374,376,424
221.jpg,900,900,tip,476,486,536,532
221.jpg,900,900,tip,528,484,571,526
221.jpg,900,900,tip,667,458,750,512
540.jpg,900,900,tip,104,310,182,377
540.jpg,900,900,tip,172,287,255,354
540.jpg,900,900,tip,244,274,337,345
540.jpg,900,900,tip,339,277,423,347
540.jpg,900,900,tip,623,397,731,470
494.jpg,900,900,tip,199,385,263,448
494.jpg,900,900,tip,286,326,352,388
494.jpg,900,900,tip,342,303,415,372
494.jpg,900,900,tip,494,516,549,566
494.jpg,900,900,tip,679,481,753,544
43.jpg,900,900,tip,300,350,349,405
43.jpg,900,900,tip,324,304,376,365
43.jpg,900,900,tip,385,277,441,336
43.jpg,900,900,tip,474,305,532,351
43.jpg,900,900,tip,501,349,564,412
159.jpg,900,900,tip,274,412,331,463
159.jpg,900,900,tip,365,321,422,385
159.jpg,900,900,tip,489,407,552,464
159.jpg,900,900,tip,502,302,558,364
159.jpg,900,900,tip,668,426,753,482
22.jpg,900,900,tip,413,448,468,479
22.jpg,900,900,tip,446,432,502,461
22.jpg,900,900,tip,463,402,513,435
22.jpg,900,900,tip,401,206,453,249
22.jpg,900,900,tip,690,386,771,430
116.jpg,900,900,tip,359,432,403,473
116.jpg,900,900,tip,526,514,574,553
116.jpg,900,900,tip,478,373,525,421
116.jpg,900,900,tip,563,377,608,437
116.jpg,900,900,tip,680,500,742,541
415.jpg,900,900,tip,385,326,438,373
415.jpg,900,900,tip,550,395,595,444
415.jpg,900,900,tip,484,268,535,321
415.jpg,900,900,tip,544,294,585,345
415.jpg,900,900,tip,664,405,731,440
61.jpg,900,900,tip,168,352,221,388
61.jpg,900,900,tip,223,227,287,277
61.jpg,900,900,tip,388,339,450,387
61.jpg,900,900,tip,401,229,462,279
61.jpg,900,900,tip,534,321,590,382
10.jpg,900,900,tip,427,497,485,527
10.jpg,900,900,tip,452,423,516,459
10.jpg,900,900,tip,473,330,530,394
10.jpg,900,900,tip,554,347,612,408
10.jpg,900,900,tip,627,408,724,477
423.jpg,900,900,tip,197,374,262,421
423.jpg,900,900,tip,426,463,485,508
423.jpg,900,900,tip,449,426,512,471
423.jpg,900,900,tip,446,290,508,348
423.jpg,900,900,tip,625,431,708,478
122.jpg,900,900,tip,280,457,337,498
122.jpg,900,900,tip,361,388,412,437
122.jpg,900,900,tip,417,379,469,426
122.jpg,900,900,tip,548,481,599,529
122.jpg,900,900,tip,674,438,738,518
464.jpg,900,900,tip,358,445,411,486
464.jpg,900,900,tip,447,388,491,435
464.jpg,900,900,tip,498,358,557,411
464.jpg,900,900,tip,573,534,621,578
464.jpg,900,900,tip,676,499,749,538
304.jpg,900,900,tip,343,405,389,453
304.jpg,900,900,tip,504,475,553,525
304.jpg,900,900,tip,506,421,553,454
304.jpg,900,900,tip,542,369,589,411
304.jpg,900,900,tip,695,493,765,535
462.jpg,900,900,tip,336,335,386,391
462.jpg,900,900,tip,473,488,528,544
462.jpg,900,900,tip,503,460,556,513
462.jpg,900,900,tip,523,321,579,366
462.jpg,900,900,tip,722,459,799,512
383.jpg,900,900,tip,228,420,284,452
383.jpg,900,900,tip,292,327,349,375
383.jpg,900,900,tip,387,290,445,336
383.jpg,900,900,tip,492,308,541,358
383.jpg,900,900,tip,555,425,608,481
269.jpg,900,900,tip,358,406,401,455
269.jpg,900,900,tip,441,391,501,432
269.jpg,900,900,tip,476,343,534,392
269.jpg,900,900,tip,554,362,611,402
269.jpg,900,900,tip,611,371,665,444
509.jpg,900,900,tip,143,200,231,279
509.jpg,900,900,tip,356,344,452,421
509.jpg,900,900,tip,431,368,532,435
509.jpg,900,900,tip,515,392,596,478
509.jpg,900,900,tip,668,373,768,457
25.jpg,900,900,tip,433,422,514,476
25.jpg,900,900,tip,234,167,324,237
25.jpg,900,900,tip,380,176,449,226
25.jpg,900,900,tip,510,168,574,231
25.jpg,900,900,tip,732,349,827,406
467.jpg,900,900,tip,388,312,429,351
467.jpg,900,900,tip,459,336,510,399
467.jpg,900,900,tip,569,337,612,387
467.jpg,900,900,tip,458,253,508,303
467.jpg,900,900,tip,517,235,575,287
546.jpg,900,900,tip,419,513,463,552
546.jpg,900,900,tip,453,495,501,536
546.jpg,900,900,tip,414,376,474,419
546.jpg,900,900,tip,499,452,548,491
535.jpg,900,900,tip,315,307,355,344
535.jpg,900,900,tip,341,232,385,272
535.jpg,900,900,tip,401,200,442,232
535.jpg,900,900,tip,464,223,495,254
535.jpg,900,900,tip,603,300,649,326
137.jpg,900,900,tip,298,332,337,364
137.jpg,900,900,tip,334,278,378,308
137.jpg,900,900,tip,403,253,441,288
137.jpg,900,900,tip,480,246,515,285
137.jpg,900,900,tip,598,348,656,376
424.jpg,900,900,tip,299,375,357,415
424.jpg,900,900,tip,469,372,526,410
424.jpg,900,900,tip,506,335,568,388
424.jpg,900,900,tip,559,303,614,359
424.jpg,900,900,tip,664,375,723,440
489.jpg,900,900,tip,299,377,351,430
489.jpg,900,900,tip,470,499,519,544
489.jpg,900,900,tip,523,479,563,524
489.jpg,900,900,tip,645,466,728,519
208.jpg,900,900,tip,412,396,451,430
208.jpg,900,900,tip,449,386,488,419
208.jpg,900,900,tip,524,349,564,383
208.jpg,900,900,tip,525,272,580,330
298.jpg,900,900,tip,453,365,481,394
298.jpg,900,900,tip,481,364,519,395
298.jpg,900,900,tip,511,358,542,383
298.jpg,900,900,tip,546,355,572,386
298.jpg,900,900,tip,626,379,678,412
169.jpg,900,900,tip,314,450,359,482
169.jpg,900,900,tip,357,349,415,384
169.jpg,900,900,tip,432,323,482,361
169.jpg,900,900,tip,550,309,609,355
169.jpg,900,900,tip,739,439,820,489
345.jpg,900,900,tip,430,423,485,463
345.jpg,900,900,tip,443,357,506,411
345.jpg,900,900,tip,411,211,478,268
345.jpg,900,900,tip,518,243,579,290
345.jpg,900,900,tip,550,326,615,392
349.jpg,900,900,tip,365,433,402,474
349.jpg,900,900,tip,523,507,570,551
349.jpg,900,900,tip,528,445,579,480
349.jpg,900,900,tip,561,407,608,457
349.jpg,900,900,tip,670,501,741,544
127.jpg,900,900,tip,275,253,335,303
127.jpg,900,900,tip,419,280,481,325
127.jpg,900,900,tip,498,316,569,359
127.jpg,900,900,tip,580,241,642,298
127.jpg,900,900,tip,603,343,688,402
211.jpg,900,900,tip,286,478,342,525
211.jpg,900,900,tip,339,381,397,430
211.jpg,900,900,tip,509,496,561,543
211.jpg,900,900,tip,702,466,795,518
179.jpg,900,900,tip,320,478,391,528
179.jpg,900,900,tip,406,463,476,529
179.jpg,900,900,tip,493,456,559,522
179.jpg,900,900,tip,572,485,635,544
179.jpg,900,900,tip,646,557,735,642
140.jpg,900,900,tip,103,397,185,454
140.jpg,900,900,tip,219,280,300,342
140.jpg,900,900,tip,371,234,447,299
140.jpg,900,900,tip,493,264,561,349
140.jpg,900,900,tip,583,425,694,490
157.jpg,900,900,tip,259,403,324,457
157.jpg,900,900,tip,292,332,343,394
157.jpg,900,900,tip,336,316,399,375
157.jpg,900,900,tip,482,328,540,390
157.jpg,900,900,tip,624,403,706,484
197.jpg,900,900,tip,261,312,305,342
197.jpg,900,900,tip,294,226,338,269
197.jpg,900,900,tip,362,183,411,230
197.jpg,900,900,tip,446,207,493,247
197.jpg,900,900,tip,592,297,651,333
205.jpg,900,900,tip,588,374,624,412
205.jpg,900,900,tip,624,372,666,412
205.jpg,900,900,tip,662,371,699,413
205.jpg,900,900,tip,698,367,730,401
249.jpg,900,900,tip,334,431,378,479
249.jpg,900,900,tip,341,381,391,423
249.jpg,900,900,tip,395,346,448,388
249.jpg,900,900,tip,452,362,503,404
249.jpg,900,900,tip,556,453,615,511
75.jpg,900,900,tip,313,387,359,429
75.jpg,900,900,tip,341,465,397,508
75.jpg,900,900,tip,443,507,493,549
75.jpg,900,900,tip,463,469,515,513
75.jpg,900,900,tip,447,327,493,371
188.jpg,900,900,tip,280,499,338,542
188.jpg,900,900,tip,379,408,438,455
188.jpg,900,900,tip,503,483,562,530
188.jpg,900,900,tip,511,413,568,456
188.jpg,900,900,tip,683,460,766,519
308.jpg,900,900,tip,404,366,438,406
308.jpg,900,900,tip,379,304,423,347
308.jpg,900,900,tip,412,283,461,320
308.jpg,900,900,tip,526,287,576,328
308.jpg,900,900,tip,640,347,696,408
481.jpg,900,900,tip,279,361,350,412
481.jpg,900,900,tip,361,275,433,338
481.jpg,900,900,tip,439,261,511,323
481.jpg,900,900,tip,583,303,645,364
481.jpg,900,900,tip,752,457,851,506
7.jpg,900,900,tip,296,384,355,433
7.jpg,900,900,tip,341,201,405,266
7.jpg,900,900,tip,482,178,546,246
7.jpg,900,900,tip,531,204,571,279
7.jpg,900,900,tip,528,377,587,440
549.jpg,900,900,tip,300,415,359,461
549.jpg,900,900,tip,485,569,537,618
549.jpg,900,900,tip,526,555,573,592
549.jpg,900,900,tip,492,341,556,400
549.jpg,900,900,tip,697,493,764,541
382.jpg,900,900,tip,176,323,242,386
382.jpg,900,900,tip,373,392,450,446
382.jpg,900,900,tip,465,499,524,570
382.jpg,900,900,tip,503,311,590,388
382.jpg,900,900,tip,696,468,803,519
344.jpg,900,900,tip,530,437,604,487
344.jpg,900,900,tip,362,210,435,281
344.jpg,900,900,tip,480,230,542,275
344.jpg,900,900,tip,597,220,664,287
344.jpg,900,900,tip,795,379,883,460
142.jpg,900,900,tip,239,360,296,404
142.jpg,900,900,tip,424,389,483,434
142.jpg,900,900,tip,339,257,401,307
142.jpg,900,900,tip,477,279,529,330
142.jpg,900,900,tip,636,342,702,419
113.jpg,900,900,tip,336,512,426,562
113.jpg,900,900,tip,427,512,494,568
113.jpg,900,900,tip,475,493,551,544
113.jpg,900,900,tip,541,496,623,550
113.jpg,900,900,tip,548,308,619,372
359.jpg,900,900,tip,605,394,661,441
359.jpg,900,900,tip,582,290,628,339
359.jpg,900,900,tip,710,405,761,443
119.jpg,900,900,tip,308,428,371,467
119.jpg,900,900,tip,361,362,425,417
119.jpg,900,900,tip,435,342,497,399
119.jpg,900,900,tip,579,527,634,582
119.jpg,900,900,tip,732,482,817,524
483.jpg,900,900,tip,236,363,303,428
483.jpg,900,900,tip,244,295,318,360
483.jpg,900,900,tip,362,263,437,345
483.jpg,900,900,tip,426,364,499,414
483.jpg,900,900,tip,491,431,551,499
350.jpg,900,900,tip,222,282,293,354
350.jpg,900,900,tip,502,398,589,466
350.jpg,900,900,tip,392,175,471,234
350.jpg,900,900,tip,598,338,672,408
350.jpg,900,900,tip,819,397,900,463
40.jpg,900,900,tip,344,368,384,405
40.jpg,900,900,tip,487,479,532,520
40.jpg,900,900,tip,479,302,522,345
40.jpg,900,900,tip,520,317,555,358
40.jpg,900,900,tip,556,418,600,474
487.jpg,900,900,tip,276,335,339,377
487.jpg,900,900,tip,362,346,404,387
487.jpg,900,900,tip,393,334,462,380
487.jpg,900,900,tip,448,333,526,388
487.jpg,900,900,tip,514,312,567,377
187.jpg,900,900,tip,328,399,378,453
187.jpg,900,900,tip,420,387,473,439
187.jpg,900,900,tip,479,392,534,430
187.jpg,900,900,tip,540,492,583,540
187.jpg,900,900,tip,648,477,717,514
123.jpg,900,900,tip,214,404,266,450
123.jpg,900,900,tip,285,314,337,369
123.jpg,900,900,tip,346,273,402,325
123.jpg,900,900,tip,448,329,502,369
123.jpg,900,900,tip,519,349,580,406
347.jpg,900,900,tip,278,293,346,355
347.jpg,900,900,tip,336,267,412,341
347.jpg,900,900,tip,401,255,492,331
347.jpg,900,900,tip,521,248,598,328
347.jpg,900,900,tip,610,317,699,408
172.jpg,900,900,tip,306,345,355,388
172.jpg,900,900,tip,378,293,429,334
172.jpg,900,900,tip,461,273,510,316
172.jpg,900,900,tip,540,275,589,328
172.jpg,900,900,tip,653,423,724,471
303.jpg,900,900,tip,572,465,671,563
303.jpg,900,900,tip,593,271,659,335
303.jpg,900,900,tip,635,255,691,321
303.jpg,900,900,tip,711,304,765,365
303.jpg,900,900,tip,772,417,809,463
486.jpg,900,900,tip,326,381,392,445
486.jpg,900,900,tip,413,304,477,377
486.jpg,900,900,tip,475,280,539,348
486.jpg,900,900,tip,551,290,615,363
486.jpg,900,900,tip,629,410,697,475
5.jpg,900,900,tip,166,374,243,425
5.jpg,900,900,tip,281,269,350,342
5.jpg,900,900,tip,411,239,480,313
5.jpg,900,900,tip,547,274,611,345
5.jpg,900,900,tip,669,443,745,502
332.jpg,900,900,tip,443,323,484,362
332.jpg,900,900,tip,496,281,533,327
332.jpg,900,900,tip,529,277,576,328
332.jpg,900,900,tip,617,286,661,331
332.jpg,900,900,tip,719,298,781,363
47.jpg,900,900,tip,286,189,350,275
47.jpg,900,900,tip,502,437,568,500
47.jpg,900,900,tip,555,418,619,477
47.jpg,900,900,tip,631,202,714,270
47.jpg,900,900,tip,787,412,900,482
253.jpg,900,900,tip,427,520,497,578
253.jpg,900,900,tip,402,371,474,428
253.jpg,900,900,tip,494,390,555,438
89.jpg,900,900,tip,376,346,415,381
89.jpg,900,900,tip,398,307,448,352
89.jpg,900,900,tip,499,285,544,332
89.jpg,900,900,tip,539,299,573,347
89.jpg,900,900,tip,562,402,605,470
505.jpg,900,900,tip,244,346,305,403
505.jpg,900,900,tip,333,231,402,298
505.jpg,900,900,tip,435,194,512,263
505.jpg,900,900,tip,535,232,606,298
505.jpg,900,900,tip,706,387,797,470
477.jpg,900,900,tip,453,401,481,430
477.jpg,900,900,tip,466,385,502,408
477.jpg,900,900,tip,431,278,466,319
477.jpg,900,900,tip,545,341,579,366
184.jpg,900,900,tip,434,518,481,558
184.jpg,900,900,tip,329,316,385,363
184.jpg,900,900,tip,431,322,482,362
184.jpg,900,900,tip,482,415,540,471
240.jpg,900,900,tip,286,407,341,452
240.jpg,900,900,tip,324,352,382,398
240.jpg,900,900,tip,388,339,453,381
240.jpg,900,900,tip,483,352,551,399
240.jpg,900,900,tip,550,447,608,522
373.jpg,900,900,tip,242,428,291,475
373.jpg,900,900,tip,298,350,351,393
373.jpg,900,900,tip,359,310,412,371
373.jpg,900,900,tip,477,407,538,444
373.jpg,900,900,tip,605,447,686,488
87.jpg,900,900,tip,348,401,418,454
87.jpg,900,900,tip,388,327,446,393
87.jpg,900,900,tip,477,292,552,366
87.jpg,900,900,tip,569,313,634,377
87.jpg,900,900,tip,662,448,741,528
32.jpg,900,900,tip,216,406,275,466
32.jpg,900,900,tip,336,403,413,453
32.jpg,900,900,tip,413,399,491,452
32.jpg,900,900,tip,507,448,570,507
32.jpg,900,900,tip,560,499,657,571
468.jpg,900,900,tip,296,507,359,559
468.jpg,900,900,tip,401,525,456,577
468.jpg,900,900,tip,482,506,551,554
468.jpg,900,900,tip,482,305,545,359
532.jpg,900,900,tip,317,379,363,420
532.jpg,900,900,tip,478,418,536,461
532.jpg,900,900,tip,391,290,438,332
532.jpg,900,900,tip,504,311,544,355
532.jpg,900,900,tip,671,360,722,411
460.jpg,900,900,tip,330,412,377,447
460.jpg,900,900,tip,493,483,557,532
460.jpg,900,900,tip,506,420,562,461
460.jpg,900,900,tip,537,363,593,420
460.jpg,900,900,tip,701,490,776,537
244.jpg,900,900,tip,465,480,528,536
244.jpg,900,900,tip,497,444,557,511
244.jpg,900,900,tip,520,404,564,459
244.jpg,900,900,tip,517,289,602,378
189.jpg,900,900,tip,423,519,458,553
189.jpg,900,900,tip,446,496,494,539
189.jpg,900,900,tip,415,381,466,416
189.jpg,900,900,tip,497,446,540,490
250.jpg,900,900,tip,543,380,596,424
250.jpg,900,900,tip,531,336,587,372
250.jpg,900,900,tip,560,299,603,349
250.jpg,900,900,tip,658,309,707,357
250.jpg,900,900,tip,720,361,778,412
134.jpg,900,900,tip,354,439,397,483
134.jpg,900,900,tip,433,379,482,429
134.jpg,900,900,tip,490,357,540,410
134.jpg,900,900,tip,566,533,611,574
134.jpg,900,900,tip,687,496,769,535
111.jpg,900,900,tip,333,452,387,502
111.jpg,900,900,tip,370,414,424,472
111.jpg,900,900,tip,432,397,498,455
111.jpg,900,900,tip,549,534,606,585
111.jpg,900,900,tip,660,494,749,544
72.jpg,900,900,tip,233,373,296,424
72.jpg,900,900,tip,319,286,379,345
72.jpg,900,900,tip,409,250,465,312
72.jpg,900,900,tip,512,280,568,347
72.jpg,900,900,tip,714,452,792,514
259.jpg,900,900,tip,349,361,387,403
259.jpg,900,900,tip,399,359,446,386
259.jpg,900,900,tip,437,341,474,369
259.jpg,900,900,tip,480,332,521,360
259.jpg,900,900,tip,565,366,604,415
238.jpg,900,900,tip,126,435,196,479
238.jpg,900,900,tip,238,411,315,462
238.jpg,900,900,tip,324,394,405,455
238.jpg,900,900,tip,433,404,512,474
238.jpg,900,900,tip,517,510,607,619
377.jpg,900,900,tip,258,447,317,488
377.jpg,900,900,tip,357,400,416,455
377.jpg,900,900,tip,419,395,482,437
377.jpg,900,900,tip,533,467,588,510
377.jpg,900,900,tip,653,440,716,499
318.jpg,900,900,tip,72,305,158,405
318.jpg,900,900,tip,310,413,430,504
318.jpg,900,900,tip,449,472,563,571
318.jpg,900,900,tip,545,335,652,417
318.jpg,900,900,tip,662,491,790,614
465.jpg,900,900,tip,190,312,262,373
465.jpg,900,900,tip,250,293,338,354
465.jpg,900,900,tip,334,278,417,343
465.jpg,900,900,tip,425,268,509,345
465.jpg,900,900,tip,738,425,864,501
105.jpg,900,900,tip,410,536,482,585
105.jpg,900,900,tip,469,516,542,574
105.jpg,900,900,tip,521,489,581,546
105.jpg,900,900,tip,544,451,617,497
105.jpg,900,900,tip,625,505,725,569
476.jpg,900,900,tip,305,385,348,421
476.jpg,900,900,tip,370,290,422,341
476.jpg,900,900,tip,459,254,513,310
476.jpg,900,900,tip,517,273,561,332
476.jpg,900,900,tip,676,426,731,461
73.jpg,900,900,tip,187,312,258,377
73.jpg,900,900,tip,224,229,293,313
73.jpg,900,900,tip,307,199,390,277
73.jpg,900,900,tip,476,305,557,360
73.jpg,900,900,tip,377,365,491,435
524.jpg,900,900,tip,296,444,360,489
524.jpg,900,900,tip,502,508,565,563
524.jpg,900,900,tip,429,355,485,410
524.jpg,900,900,tip,538,414,590,464
524.jpg,900,900,tip,676,481,761,530
419.jpg,900,900,tip,331,405,371,441
419.jpg,900,900,tip,359,317,421,368
419.jpg,900,900,tip,409,277,465,334
419.jpg,900,900,tip,543,430,586,472
419.jpg,900,900,tip,668,385,734,431
239.jpg,900,900,tip,410,344,450,380
239.jpg,900,900,tip,447,314,484,349
239.jpg,900,900,tip,491,308,528,347
239.jpg,900,900,tip,561,312,594,356
239.jpg,900,900,tip,675,398,720,440
356.jpg,900,900,tip,238,284,336,381
356.jpg,900,900,tip,325,258,433,354
356.jpg,900,900,tip,452,254,542,350
356.jpg,900,900,tip,536,259,617,357
356.jpg,900,900,tip,616,350,716,459
367.jpg,900,900,tip,285,504,363,559
367.jpg,900,900,tip,414,531,475,583
367.jpg,900,900,tip,438,492,512,539
367.jpg,900,900,tip,363,321,435,372
367.jpg,900,900,tip,455,267,515,331
480.jpg,900,900,tip,235,380,322,430
480.jpg,900,900,tip,325,375,410,448
480.jpg,900,900,tip,389,365,473,435
480.jpg,900,900,tip,475,373,551,437
480.jpg,900,900,tip,551,361,658,451
522.jpg,900,900,tip,516,504,591,561
522.jpg,900,900,tip,642,413,741,471
491.jpg,900,900,tip,282,312,330,352
491.jpg,900,900,tip,369,245,428,299
491.jpg,900,900,tip,448,218,505,271
491.jpg,900,900,tip,541,228,591,294
491.jpg,900,900,tip,671,376,744,416
529.jpg,900,900,tip,204,422,269,480
529.jpg,900,900,tip,291,326,355,386
529.jpg,900,900,tip,388,273,459,332
529.jpg,900,900,tip,502,272,576,344
529.jpg,900,900,tip,718,455,789,538
543.jpg,900,900,tip,182,480,244,528
543.jpg,900,900,tip,236,387,323,450
543.jpg,900,900,tip,441,553,511,617
543.jpg,900,900,tip,439,352,505,419
543.jpg,900,900,tip,643,485,737,555
51.jpg,900,900,tip,316,439,355,495
51.jpg,900,900,tip,332,382,381,434
51.jpg,900,900,tip,380,361,429,412
51.jpg,900,900,tip,533,510,579,552
51.jpg,900,900,tip,660,435,718,503
381.jpg,900,900,tip,198,444,258,500
381.jpg,900,900,tip,253,308,337,373
381.jpg,900,900,tip,386,250,471,327
381.jpg,900,900,tip,495,271,576,354
381.jpg,900,900,tip,741,481,861,552
364.jpg,900,900,tip,342,481,412,543
364.jpg,900,900,tip,433,491,506,547
364.jpg,900,900,tip,486,478,568,535
364.jpg,900,900,tip,453,321,529,371
364.jpg,900,900,tip,582,292,650,360
17.jpg,900,900,tip,310,542,367,587
17.jpg,900,900,tip,343,469,411,508
17.jpg,900,900,tip,361,284,434,359
17.jpg,900,900,tip,493,318,551,375
17.jpg,900,900,tip,557,438,622,521
376.jpg,900,900,tip,479,427,534,470
376.jpg,900,900,tip,486,396,548,437
376.jpg,900,900,tip,495,338,552,394
376.jpg,900,900,tip,551,351,602,418
289.jpg,900,900,tip,310,252,365,289
289.jpg,900,900,tip,504,344,559,386
289.jpg,900,900,tip,563,345,612,389
289.jpg,900,900,tip,575,175,629,224
289.jpg,900,900,tip,746,298,828,337
207.jpg,900,900,tip,96,372,207,442
207.jpg,900,900,tip,198,234,292,305
207.jpg,900,900,tip,335,163,434,239
207.jpg,900,900,tip,529,202,610,284
207.jpg,900,900,tip,808,435,900,539
229.jpg,900,900,tip,284,373,352,430
229.jpg,900,900,tip,366,297,435,351
229.jpg,900,900,tip,481,272,549,330
229.jpg,900,900,tip,573,306,628,362
229.jpg,900,900,tip,703,485,790,534
132.jpg,900,900,tip,503,338,549,377
132.jpg,900,900,tip,537,284,594,329
132.jpg,900,900,tip,586,248,647,299
132.jpg,900,900,tip,663,261,729,307
132.jpg,900,900,tip,592,324,655,388
409.jpg,900,900,tip,337,273,403,326
409.jpg,900,900,tip,432,214,491,273
409.jpg,900,900,tip,510,198,572,250
409.jpg,900,900,tip,624,204,683,271
409.jpg,900,900,tip,759,371,838,423
455.jpg,900,900,tip,306,407,358,452
455.jpg,900,900,tip,455,475,513,520
455.jpg,900,900,tip,428,324,472,368
455.jpg,900,900,tip,531,340,575,390
455.jpg,900,900,tip,666,451,730,492
380.jpg,900,900,tip,365,311,415,357
380.jpg,900,900,tip,365,229,423,274
380.jpg,900,900,tip,418,219,482,267
380.jpg,900,900,tip,499,347,561,388
380.jpg,900,900,tip,544,288,602,355
24.jpg,900,900,tip,339,446,407,486
24.jpg,900,900,tip,394,403,461,452
24.jpg,900,900,tip,452,368,516,420
24.jpg,900,900,tip,539,201,608,273
24.jpg,900,900,tip,563,439,660,497
370.jpg,900,900,tip,418,494,499,559
370.jpg,900,900,tip,482,497,553,568
370.jpg,900,900,tip,541,460,615,537
370.jpg,900,900,tip,545,165,635,246
370.jpg,900,900,tip,728,417,844,474
497.jpg,900,900,tip,299,402,370,448
497.jpg,900,900,tip,338,315,401,377
497.jpg,900,900,tip,429,284,486,350
497.jpg,900,900,tip,504,331,567,377
497.jpg,900,900,tip,669,374,728,446
484.jpg,900,900,tip,378,393,430,447
484.jpg,900,900,tip,409,458,479,521
484.jpg,900,900,tip,548,463,603,510
484.jpg,900,900,tip,434,315,495,381
484.jpg,900,900,tip,369,343,432,393
413.jpg,900,900,tip,363,344,433,400
413.jpg,900,900,tip,432,338,493,408
413.jpg,900,900,tip,490,344,561,401
413.jpg,900,900,tip,558,352,618,411
413.jpg,900,900,tip,609,357,683,438
323.jpg,900,900,tip,117,246,210,321
323.jpg,900,900,tip,283,198,388,277
323.jpg,900,900,tip,386,120,483,205
323.jpg,900,900,tip,557,226,650,290
323.jpg,900,900,tip,723,399,836,551
456.jpg,900,900,tip,308,448,350,492
456.jpg,900,900,tip,392,367,448,419
456.jpg,900,900,tip,466,343,521,395
456.jpg,900,900,tip,533,366,588,418
456.jpg,900,900,tip,623,474,696,526
331.jpg,900,900,tip,296,452,344,504
331.jpg,900,900,tip,508,532,570,584
331.jpg,900,900,tip,508,470,563,520
331.jpg,900,900,tip,548,367,604,411
331.jpg,900,900,tip,705,490,778,540
290.jpg,900,900,tip,380,362,438,408
290.jpg,900,900,tip,470,284,526,337
290.jpg,900,900,tip,516,266,567,322
290.jpg,900,900,tip,617,283,675,344
290.jpg,900,900,tip,786,403,887,445
547.jpg,900,900,tip,238,290,297,337
547.jpg,900,900,tip,292,227,357,276
547.jpg,900,900,tip,364,201,425,251
547.jpg,900,900,tip,457,223,512,273
547.jpg,900,900,tip,581,334,651,387
387.jpg,900,900,tip,404,375,435,421
387.jpg,900,900,tip,422,315,463,357
387.jpg,900,900,tip,432,267,470,307
387.jpg,900,900,tip,484,240,520,290
387.jpg,900,900,tip,496,305,552,358
64.jpg,900,900,tip,381,427,417,449
64.jpg,900,900,tip,391,353,432,387
64.jpg,900,900,tip,430,319,472,351
64.jpg,900,900,tip,493,311,530,347
64.jpg,900,900,tip,575,359,615,409
227.jpg,900,900,tip,377,369,417,394
227.jpg,900,900,tip,403,348,440,371
227.jpg,900,900,tip,434,334,469,364
227.jpg,900,900,tip,490,346,529,368
227.jpg,900,900,tip,555,374,604,408
426.jpg,900,900,tip,416,403,447,435
426.jpg,900,900,tip,369,279,408,317
426.jpg,900,900,tip,423,292,461,324
426.jpg,900,900,tip,502,363,550,385
399.jpg,900,900,tip,382,239,435,267
399.jpg,900,900,tip,437,207,485,252
399.jpg,900,900,tip,489,201,543,241
399.jpg,900,900,tip,546,218,596,261
399.jpg,900,900,tip,592,257,656,314
275.jpg,900,900,tip,118,70,195,116
275.jpg,900,900,tip,697,199,805,254
401.jpg,900,900,tip,296,513,342,550
401.jpg,900,900,tip,270,447,331,481
401.jpg,900,900,tip,296,397,344,437
401.jpg,900,900,tip,385,355,430,395
401.jpg,900,900,tip,602,352,656,392
167.jpg,900,900,tip,498,558,532,593
167.jpg,900,900,tip,520,534,565,569
167.jpg,900,900,tip,488,420,532,451
167.jpg,900,900,tip,558,399,604,450
167.jpg,900,900,tip,670,503,728,537
33.jpg,900,900,tip,186,456,274,501
33.jpg,900,900,tip,437,610,507,664
33.jpg,900,900,tip,449,563,528,612
33.jpg,900,900,tip,438,366,508,424
33.jpg,900,900,tip,636,507,713,563
412.jpg,900,900,tip,426,568,489,611
412.jpg,900,900,tip,463,543,525,592
412.jpg,900,900,tip,492,507,541,558
412.jpg,900,900,tip,531,486,588,533
412.jpg,900,900,tip,604,481,698,526
97.jpg,900,900,tip,287,305,339,364
97.jpg,900,900,tip,364,255,418,302
97.jpg,900,900,tip,428,244,485,294
97.jpg,900,900,tip,532,296,586,334
97.jpg,900,900,tip,618,399,674,450
154.jpg,900,900,tip,250,409,309,458
154.jpg,900,900,tip,348,290,423,366
154.jpg,900,900,tip,469,241,537,337
154.jpg,900,900,tip,577,289,641,375
154.jpg,900,900,tip,751,484,890,543
13.jpg,900,900,tip,303,410,344,452
13.jpg,900,900,tip,452,496,496,530
13.jpg,900,900,tip,415,423,465,470
13.jpg,900,900,tip,410,324,466,374
13.jpg,900,900,tip,483,331,528,380
346.jpg,900,900,tip,406,423,470,493
346.jpg,900,900,tip,452,316,506,366
346.jpg,900,900,tip,359,295,428,357
346.jpg,900,900,tip,290,335,362,388
346.jpg,900,900,tip,258,397,332,448
117.jpg,900,900,tip,260,349,305,395
117.jpg,900,900,tip,347,269,397,320
117.jpg,900,900,tip,416,235,472,282
117.jpg,900,900,tip,543,255,599,307
117.jpg,900,900,tip,616,405,710,445
501.jpg,900,900,tip,259,248,322,306
501.jpg,900,900,tip,332,179,389,236
501.jpg,900,900,tip,413,137,488,206
501.jpg,900,900,tip,537,183,599,252
501.jpg,900,900,tip,575,337,644,413
341.jpg,900,900,tip,331,342,387,412
341.jpg,900,900,tip,328,418,425,503
341.jpg,900,900,tip,366,270,439,343
341.jpg,900,900,tip,472,239,545,308
341.jpg,900,900,tip,608,275,670,352
53.jpg,900,900,tip,200,385,266,449
53.jpg,900,900,tip,353,409,424,467
53.jpg,900,900,tip,432,399,501,453
53.jpg,900,900,tip,523,440,583,497
53.jpg,900,900,tip,606,499,689,570
368.jpg,900,900,tip,377,452,437,498
368.jpg,900,900,tip,378,387,430,439
368.jpg,900,900,tip,422,373,483,427
368.jpg,900,900,tip,531,418,586,461
368.jpg,900,900,tip,469,435,530,495
183.jpg,900,900,tip,253,332,308,388
183.jpg,900,900,tip,275,276,331,335
183.jpg,900,900,tip,354,257,404,322
183.jpg,900,900,tip,401,285,445,342
183.jpg,900,900,tip,444,404,502,465
506.jpg,900,900,tip,337,484,409,541
506.jpg,900,900,tip,444,503,515,547
506.jpg,900,900,tip,490,470,572,539
506.jpg,900,900,tip,444,311,526,360
506.jpg,900,900,tip,588,292,646,357
353.jpg,900,900,tip,182,392,236,451
353.jpg,900,900,tip,251,274,317,330
353.jpg,900,900,tip,362,219,440,279
353.jpg,900,900,tip,566,251,630,317
353.jpg,900,900,tip,648,424,726,497
38.jpg,900,900,tip,187,409,248,460
38.jpg,900,900,tip,277,289,346,359
38.jpg,900,900,tip,420,239,483,308
38.jpg,900,900,tip,554,286,606,338
38.jpg,900,900,tip,734,475,823,526
52.jpg,900,900,tip,309,297,363,358
52.jpg,900,900,tip,314,217,382,281
52.jpg,900,900,tip,369,166,434,239
52.jpg,900,900,tip,448,187,512,255
52.jpg,900,900,tip,607,347,687,423
521.jpg,900,900,tip,261,332,312,384
521.jpg,900,900,tip,329,240,399,306
521.jpg,900,900,tip,406,183,483,250
521.jpg,900,900,tip,535,450,603,518
521.jpg,900,900,tip,720,409,778,474
403.jpg,900,900,tip,234,175,339,270
403.jpg,900,900,tip,512,519,599,590
403.jpg,900,900,tip,586,488,660,566
403.jpg,900,900,tip,579,73,678,179
403.jpg,900,900,tip,782,379,900,451
81.jpg,900,900,tip,240,328,309,390
81.jpg,900,900,tip,329,202,396,282
81.jpg,900,900,tip,460,155,534,224
81.jpg,900,900,tip,600,182,669,249
81.jpg,900,900,tip,789,381,871,466
69.jpg,900,900,tip,478,533,536,576
69.jpg,900,900,tip,524,506,595,558
69.jpg,900,900,tip,543,347,648,416
69.jpg,900,900,tip,601,117,689,224
69.jpg,900,900,tip,761,391,885,464
302.jpg,900,900,tip,217,281,262,318
302.jpg,900,900,tip,250,198,292,233
302.jpg,900,900,tip,285,136,336,185
302.jpg,900,900,tip,379,117,438,164
302.jpg,900,900,tip,463,192,524,261
320.jpg,900,900,tip,343,415,393,466
320.jpg,900,900,tip,509,486,577,538
320.jpg,900,900,tip,519,439,577,483
320.jpg,900,900,tip,540,378,594,424
320.jpg,900,900,tip,702,419,783,486
514.jpg,900,900,tip,288,295,346,343
514.jpg,900,900,tip,491,387,548,433
514.jpg,900,900,tip,363,200,426,261
514.jpg,900,900,tip,486,254,539,302
514.jpg,900,900,tip,664,346,728,395
436.jpg,900,900,tip,333,377,382,427
436.jpg,900,900,tip,466,535,510,584
436.jpg,900,900,tip,499,519,544,566
436.jpg,900,900,tip,493,335,550,391
436.jpg,900,900,tip,641,475,689,514
281.jpg,900,900,tip,345,342,394,373
281.jpg,900,900,tip,447,287,503,335
281.jpg,900,900,tip,517,319,574,360
281.jpg,900,900,tip,581,294,642,350
281.jpg,900,900,tip,693,394,765,434
59.jpg,900,900,tip,326,381,361,410
59.jpg,900,900,tip,357,321,394,352
59.jpg,900,900,tip,412,284,456,314
59.jpg,900,900,tip,497,282,532,322
59.jpg,900,900,tip,632,386,703,412
11.jpg,900,900,tip,231,447,292,479
11.jpg,900,900,tip,231,373,290,413
11.jpg,900,900,tip,262,328,322,365
11.jpg,900,900,tip,352,293,414,331
11.jpg,900,900,tip,554,307,606,370
340.jpg,900,900,tip,355,310,402,352
340.jpg,900,900,tip,518,419,575,466
340.jpg,900,900,tip,530,355,576,393
340.jpg,900,900,tip,555,294,604,340
340.jpg,900,900,tip,613,305,684,371
141.jpg,900,900,tip,384,324,441,364
141.jpg,900,900,tip,339,173,406,230
141.jpg,900,900,tip,428,141,492,210
141.jpg,900,900,tip,520,179,575,237
141.jpg,900,900,tip,536,288,605,360
63.jpg,900,900,tip,236,449,291,477
63.jpg,900,900,tip,312,373,364,417
63.jpg,900,900,tip,424,420,476,466
63.jpg,900,900,tip,442,327,492,378
63.jpg,900,900,tip,605,449,685,487
162.jpg,900,900,tip,208,325,272,367
162.jpg,900,900,tip,287,222,347,281
162.jpg,900,900,tip,394,194,451,249
162.jpg,900,900,tip,467,244,517,289
162.jpg,900,900,tip,614,350,671,423
1.jpg,900,900,tip,482,356,525,402
1.jpg,900,900,tip,524,304,575,349
1.jpg,900,900,tip,570,271,633,322
1.jpg,900,900,tip,653,283,725,331
1.jpg,900,900,tip,590,341,659,392
416.jpg,900,900,tip,299,365,351,414
416.jpg,900,900,tip,354,260,407,314
416.jpg,900,900,tip,451,209,510,284
416.jpg,900,900,tip,557,257,616,333
416.jpg,900,900,tip,642,340,709,420
251.jpg,900,900,tip,389,449,425,477
251.jpg,900,900,tip,424,437,471,480
251.jpg,900,900,tip,463,424,506,463
251.jpg,900,900,tip,493,414,532,448
251.jpg,900,900,tip,525,435,581,491
433.jpg,900,900,tip,384,404,417,455
433.jpg,900,900,tip,389,369,433,413
433.jpg,900,900,tip,462,348,508,392
433.jpg,900,900,tip,502,353,543,408
433.jpg,900,900,tip,539,441,591,496
16.jpg,900,900,tip,313,488,367,515
16.jpg,900,900,tip,355,475,405,504
16.jpg,900,900,tip,367,447,423,476
16.jpg,900,900,tip,394,250,446,293
16.jpg,900,900,tip,515,363,595,402
23.jpg,900,900,tip,319,417,349,442
23.jpg,900,900,tip,330,311,384,350
23.jpg,900,900,tip,465,397,521,432
23.jpg,900,900,tip,449,293,493,326
23.jpg,900,900,tip,652,383,714,409
363.jpg,900,900,tip,232,394,313,457
363.jpg,900,900,tip,361,348,438,398
363.jpg,900,900,tip,453,306,543,361
363.jpg,900,900,tip,604,390,688,464
363.jpg,900,900,tip,705,493,802,601
429.jpg,900,900,tip,315,488,369,531
429.jpg,900,900,tip,355,406,419,465
429.jpg,900,900,tip,408,372,470,430
429.jpg,900,900,tip,493,361,549,420
429.jpg,900,900,tip,658,427,716,488
507.jpg,900,900,tip,283,330,356,383
507.jpg,900,900,tip,364,346,438,410
507.jpg,900,900,tip,449,338,525,404
507.jpg,900,900,tip,536,339,598,405
507.jpg,900,900,tip,610,405,703,499
236.jpg,900,900,tip,362,268,422,323
236.jpg,900,900,tip,417,228,483,291
236.jpg,900,900,tip,480,200,549,261
236.jpg,900,900,tip,576,189,635,252
236.jpg,900,900,tip,597,296,689,352
256.jpg,900,900,tip,267,294,340,358
256.jpg,900,900,tip,481,403,571,486
256.jpg,900,900,tip,376,146,472,224
256.jpg,900,900,tip,588,355,679,432
65.jpg,900,900,tip,229,350,285,392
65.jpg,900,900,tip,284,270,353,325
65.jpg,900,900,tip,350,227,412,278
65.jpg,900,900,tip,458,239,515,288
65.jpg,900,900,tip,581,329,638,384
306.jpg,900,900,tip,401,374,449,434
306.jpg,900,900,tip,401,333,459,379
306.jpg,900,900,tip,435,307,495,361
306.jpg,900,900,tip,489,297,557,347
306.jpg,900,900,tip,486,337,556,415
79.jpg,900,900,tip,281,412,341,453
79.jpg,900,900,tip,360,326,422,383
79.jpg,900,900,tip,437,284,494,348
79.jpg,900,900,tip,587,432,649,499
79.jpg,900,900,tip,734,411,828,472
231.jpg,900,900,tip,278,389,324,433
231.jpg,900,900,tip,447,472,497,524
231.jpg,900,900,tip,416,343,471,388
231.jpg,900,900,tip,474,330,530,381
231.jpg,900,900,tip,626,439,696,484
358.jpg,900,900,tip,437,500,497,550
358.jpg,900,900,tip,485,480,557,537
358.jpg,900,900,tip,446,320,516,367
358.jpg,900,900,tip,577,294,635,366
358.jpg,900,900,tip,335,491,417,554
112.jpg,900,900,tip,251,452,300,492
112.jpg,900,900,tip,289,384,336,425
112.jpg,900,900,tip,330,351,390,394
112.jpg,900,900,tip,404,349,459,393
112.jpg,900,900,tip,508,417,566,471
62.jpg,900,900,tip,325,399,376,441
62.jpg,900,900,tip,354,357,414,398
62.jpg,900,900,tip,370,305,430,347
62.jpg,900,900,tip,454,296,514,337
62.jpg,900,900,tip,469,331,535,391
19.jpg,900,900,tip,231,420,282,467
19.jpg,900,900,tip,320,326,375,377
19.jpg,900,900,tip,418,287,492,332
19.jpg,900,900,tip,567,298,624,372
19.jpg,900,900,tip,736,497,816,538
190.jpg,900,900,tip,458,415,511,450
190.jpg,900,900,tip,289,370,346,413
190.jpg,900,900,tip,358,286,406,323
190.jpg,900,900,tip,477,303,523,341
190.jpg,900,900,tip,642,369,724,408
102.jpg,900,900,tip,285,408,347,456
102.jpg,900,900,tip,386,318,454,377
102.jpg,900,900,tip,510,290,575,347
102.jpg,900,900,tip,636,326,704,394
102.jpg,900,900,tip,693,496,773,558
474.jpg,900,900,tip,343,428,398,497
474.jpg,900,900,tip,485,585,546,638
474.jpg,900,900,tip,529,567,586,617
474.jpg,900,900,tip,523,368,588,430
474.jpg,900,900,tip,701,503,779,559
431.jpg,900,900,tip,304,378,351,414
431.jpg,900,900,tip,469,424,516,465
431.jpg,900,900,tip,382,290,425,333
431.jpg,900,900,tip,487,314,533,347
431.jpg,900,900,tip,651,397,710,444
28.jpg,900,900,tip,286,306,343,344
28.jpg,900,900,tip,378,218,431,270
28.jpg,900,900,tip,450,195,504,249
28.jpg,900,900,tip,557,279,616,326
28.jpg,900,900,tip,657,381,721,424
538.jpg,900,900,tip,275,484,326,530
538.jpg,900,900,tip,350,381,409,441
538.jpg,900,900,tip,513,495,576,548
538.jpg,900,900,tip,520,422,578,460
538.jpg,900,900,tip,710,465,781,506
545.jpg,900,900,tip,392,360,449,413
545.jpg,900,900,tip,433,310,493,368
545.jpg,900,900,tip,504,321,558,378
545.jpg,900,900,tip,712,503,801,546
453.jpg,900,900,tip,485,448,538,481
453.jpg,900,900,tip,522,431,575,468
453.jpg,900,900,tip,546,400,591,441
453.jpg,900,900,tip,475,204,533,247
453.jpg,900,900,tip,710,341,774,373
42.jpg,900,900,tip,290,324,337,364
42.jpg,900,900,tip,453,442,502,477
42.jpg,900,900,tip,496,441,559,489
42.jpg,900,900,tip,501,235,554,290
42.jpg,900,900,tip,680,395,765,441
120.jpg,900,900,tip,481,542,546,590
120.jpg,900,900,tip,469,431,544,481
120.jpg,900,900,tip,454,321,521,366
120.jpg,900,900,tip,588,404,642,440
120.jpg,900,900,tip,565,420,629,484
294.jpg,900,900,tip,453,378,484,409
294.jpg,900,900,tip,556,414,588,440
294.jpg,900,900,tip,493,327,529,356
294.jpg,900,900,tip,566,335,597,365
294.jpg,900,900,tip,680,398,725,419
523.jpg,900,900,tip,473,417,502,447
523.jpg,900,900,tip,382,279,426,315
523.jpg,900,900,tip,468,275,502,313
523.jpg,900,900,tip,578,359,619,392
446.jpg,900,900,tip,302,449,351,491
446.jpg,900,900,tip,364,359,419,413
446.jpg,900,900,tip,425,338,492,398
446.jpg,900,900,tip,566,524,615,567
446.jpg,900,900,tip,729,477,798,524
98.jpg,900,900,tip,418,549,496,614
98.jpg,900,900,tip,490,554,572,625
98.jpg,900,900,tip,550,511,638,577
98.jpg,900,900,tip,592,141,672,229
98.jpg,900,900,tip,731,416,828,458
203.jpg,900,900,tip,425,421,456,449
203.jpg,900,900,tip,344,307,383,339
203.jpg,900,900,tip,419,300,450,334
203.jpg,900,900,tip,536,368,574,394
265.jpg,900,900,tip,395,382,465,432
265.jpg,900,900,tip,453,363,516,413
265.jpg,900,900,tip,498,338,562,397
265.jpg,900,900,tip,536,272,618,349
14.jpg,900,900,tip,425,618,464,646
14.jpg,900,900,tip,455,607,512,648
14.jpg,900,900,tip,502,589,553,634
14.jpg,900,900,tip,548,577,588,625
14.jpg,900,900,tip,574,527,624,571
315.jpg,900,900,tip,257,468,312,511
315.jpg,900,900,tip,333,400,388,450
315.jpg,900,900,tip,395,373,452,424
315.jpg,900,900,tip,537,483,584,535
315.jpg,900,900,tip,669,448,753,517
307.jpg,900,900,tip,436,513,475,548
307.jpg,900,900,tip,466,505,506,545
307.jpg,900,900,tip,492,493,536,533
307.jpg,900,900,tip,525,480,571,519
307.jpg,900,900,tip,542,424,593,468
276.jpg,900,900,tip,206,330,273,386
276.jpg,900,900,tip,319,243,386,299
276.jpg,900,900,tip,402,220,477,293
276.jpg,900,900,tip,469,250,542,335
276.jpg,900,900,tip,553,381,627,497
309.jpg,900,900,tip,338,385,383,421
309.jpg,900,900,tip,351,297,398,339
309.jpg,900,900,tip,395,242,446,287
309.jpg,900,900,tip,504,223,553,269
309.jpg,900,900,tip,681,291,744,372
225.jpg,900,900,tip,200,376,260,439
225.jpg,900,900,tip,227,301,303,353
225.jpg,900,900,tip,356,248,427,307
225.jpg,900,900,tip,554,275,615,351
225.jpg,900,900,tip,732,488,827,542
171.jpg,900,900,tip,434,384,491,421
171.jpg,900,900,tip,365,265,424,317
171.jpg,900,900,tip,371,243,420,276
171.jpg,900,900,tip,494,250,541,298
171.jpg,900,900,tip,655,348,727,396
91.jpg,900,900,tip,482,456,528,491
91.jpg,900,900,tip,410,358,447,394
91.jpg,900,900,tip,399,311,441,342
91.jpg,900,900,tip,506,315,545,353
91.jpg,900,900,tip,631,391,691,428
301.jpg,900,900,tip,315,412,364,451
301.jpg,900,900,tip,401,306,461,352
301.jpg,900,900,tip,498,264,566,325
301.jpg,900,900,tip,622,275,683,328
301.jpg,900,900,tip,821,474,900,520
245.jpg,900,900,tip,396,468,439,508
245.jpg,900,900,tip,465,475,512,513
245.jpg,900,900,tip,526,498,573,536
245.jpg,900,900,tip,539,417,588,454
245.jpg,900,900,tip,671,500,732,535
20.jpg,900,900,tip,439,472,483,517
20.jpg,900,900,tip,473,465,532,507
20.jpg,900,900,tip,513,442,574,487
20.jpg,900,900,tip,550,405,600,450
20.jpg,900,900,tip,592,366,650,420
3.jpg,900,900,tip,474,315,553,368
3.jpg,900,900,tip,460,222,525,269
3.jpg,900,900,tip,310,257,358,291
3.jpg,900,900,tip,350,236,406,280
3.jpg,900,900,tip,398,223,457,268
317.jpg,900,900,tip,155,217,211,274
317.jpg,900,900,tip,264,107,339,179
317.jpg,900,900,tip,370,113,433,177
317.jpg,900,900,tip,523,153,581,225
317.jpg,900,900,tip,595,285,673,365
352.jpg,900,900,tip,326,473,403,552
352.jpg,900,900,tip,385,503,462,575
352.jpg,900,900,tip,436,451,526,527
352.jpg,900,900,tip,515,403,593,484
352.jpg,900,900,tip,636,299,743,361
400.jpg,900,900,tip,368,377,403,418
400.jpg,900,900,tip,410,338,449,377
400.jpg,900,900,tip,458,325,495,359
400.jpg,900,900,tip,524,328,556,366
400.jpg,900,900,tip,630,401,677,451
448.jpg,900,900,tip,455,545,523,605
448.jpg,900,900,tip,502,505,577,565
448.jpg,900,900,tip,559,480,629,535
448.jpg,900,900,tip,601,321,671,401
258.jpg,900,900,tip,418,402,444,428
258.jpg,900,900,tip,431,386,461,412
258.jpg,900,900,tip,380,288,419,321
258.jpg,900,900,tip,475,315,516,348
271.jpg,900,900,tip,411,577,456,618
271.jpg,900,900,tip,455,577,522,635
271.jpg,900,900,tip,500,561,567,605
271.jpg,900,900,tip,551,542,613,591
12.jpg,900,900,tip,355,347,404,376
12.jpg,900,900,tip,392,239,450,292
12.jpg,900,900,tip,470,201,533,257
12.jpg,900,900,tip,567,211,623,267
12.jpg,900,900,tip,754,293,817,349
362.jpg,900,900,tip,288,333,332,363
362.jpg,900,900,tip,317,263,366,304
362.jpg,900,900,tip,355,233,415,270
362.jpg,900,900,tip,443,231,492,273
362.jpg,900,900,tip,576,297,623,347
215.jpg,900,900,tip,294,409,337,449
215.jpg,900,900,tip,346,340,394,385
215.jpg,900,900,tip,405,303,464,349
215.jpg,900,900,tip,488,310,543,358
215.jpg,900,900,tip,559,411,615,488
151.jpg,900,900,tip,328,377,374,421
151.jpg,900,900,tip,491,476,546,517
151.jpg,900,900,tip,545,475,596,516
151.jpg,900,900,tip,605,398,655,437
151.jpg,900,900,tip,713,461,788,507
548.jpg,900,900,tip,270,411,315,446
548.jpg,900,900,tip,316,331,373,383
548.jpg,900,900,tip,390,288,459,340
548.jpg,900,900,tip,486,283,545,343
548.jpg,900,900,tip,656,358,729,441
406.jpg,900,900,tip,188,401,265,461
406.jpg,900,900,tip,255,278,333,333
406.jpg,900,900,tip,375,223,453,287
406.jpg,900,900,tip,499,244,573,325
406.jpg,900,900,tip,677,421,771,504
58.jpg,900,900,tip,147,374,218,443
58.jpg,900,900,tip,405,539,488,596
58.jpg,900,900,tip,440,500,519,555
58.jpg,900,900,tip,422,269,492,340
58.jpg,900,900,tip,688,401,776,490
45.jpg,900,900,tip,290,490,371,548
45.jpg,900,900,tip,356,503,430,580
45.jpg,900,900,tip,402,452,499,534
45.jpg,900,900,tip,483,418,568,485
45.jpg,900,900,tip,605,284,723,342
168.jpg,900,900,tip,213,424,268,461
168.jpg,900,900,tip,297,292,364,355
168.jpg,900,900,tip,496,510,562,569
168.jpg,900,900,tip,479,289,540,350
168.jpg,900,900,tip,692,479,779,535
334.jpg,900,900,tip,415,454,462,494
334.jpg,900,900,tip,423,397,481,440
334.jpg,900,900,tip,444,346,501,388
334.jpg,900,900,tip,506,343,558,379
334.jpg,900,900,tip,617,370,697,423
2.jpg,900,900,tip,289,376,341,435
2.jpg,900,900,tip,460,520,514,576
2.jpg,900,900,tip,498,500,548,555
2.jpg,900,900,tip,492,344,545,400
2.jpg,900,900,tip,618,501,676,536
263.jpg,900,900,tip,272,389,319,434
263.jpg,900,900,tip,359,295,412,348
263.jpg,900,900,tip,458,260,512,309
263.jpg,900,900,tip,559,286,611,348
263.jpg,900,900,tip,648,410,713,494
502.jpg,900,900,tip,553,563,612,608
502.jpg,900,900,tip,605,557,657,609
502.jpg,900,900,tip,635,543,692,583
502.jpg,900,900,tip,681,527,743,572
502.jpg,900,900,tip,816,491,894,570
218.jpg,900,900,tip,147,433,204,470
218.jpg,900,900,tip,222,351,288,399
218.jpg,900,900,tip,326,320,391,376
218.jpg,900,900,tip,419,371,470,432
218.jpg,900,900,tip,508,492,595,533
274.jpg,900,900,tip,209,231,283,299
274.jpg,900,900,tip,233,165,317,239
274.jpg,900,900,tip,490,150,560,213
274.jpg,900,900,tip,544,162,601,244
274.jpg,900,900,tip,573,340,660,449
219.jpg,900,900,tip,434,345,479,393
219.jpg,900,900,tip,463,297,510,348
219.jpg,900,900,tip,525,257,583,318
219.jpg,900,900,tip,626,439,673,484
219.jpg,900,900,tip,699,399,774,455
515.jpg,900,900,tip,302,410,384,465
515.jpg,900,900,tip,375,305,450,367
515.jpg,900,900,tip,475,246,543,327
515.jpg,900,900,tip,596,263,666,334
515.jpg,900,900,tip,779,421,859,493
518.jpg,900,900,tip,257,388,324,453
518.jpg,900,900,tip,344,332,401,388
518.jpg,900,900,tip,415,323,479,385
518.jpg,900,900,tip,501,488,562,545
518.jpg,900,900,tip,638,478,701,526
160.jpg,900,900,tip,277,399,341,437
160.jpg,900,900,tip,310,335,371,386
160.jpg,900,900,tip,365,316,423,371
160.jpg,900,900,tip,485,432,533,474
160.jpg,900,900,tip,406,411,462,476
272.jpg,900,900,tip,289,436,334,480
272.jpg,900,900,tip,362,348,424,414
272.jpg,900,900,tip,428,326,493,394
272.jpg,900,900,tip,577,528,629,583
272.jpg,900,900,tip,715,478,795,522
485.jpg,900,900,tip,440,373,488,405
485.jpg,900,900,tip,464,307,518,351
485.jpg,900,900,tip,516,272,571,313
485.jpg,900,900,tip,631,268,676,320
485.jpg,900,900,tip,781,384,852,427
175.jpg,900,900,tip,259,382,325,445
175.jpg,900,900,tip,352,318,409,397
175.jpg,900,900,tip,406,309,473,383
175.jpg,900,900,tip,537,517,600,574
175.jpg,900,900,tip,691,496,785,556
437.jpg,900,900,tip,326,483,377,524
437.jpg,900,900,tip,376,353,432,410
437.jpg,900,900,tip,546,452,608,512
437.jpg,900,900,tip,553,375,619,423
437.jpg,900,900,tip,768,473,864,523
49.jpg,900,900,tip,287,384,347,425
49.jpg,900,900,tip,465,469,506,512
49.jpg,900,900,tip,487,500,535,538
49.jpg,900,900,tip,521,484,564,526
49.jpg,900,900,tip,655,474,724,518
176.jpg,900,900,tip,216,403,273,460
176.jpg,900,900,tip,301,287,369,344
176.jpg,900,900,tip,414,234,485,302
176.jpg,900,900,tip,522,265,595,343
176.jpg,900,900,tip,695,427,775,524
292.jpg,900,900,tip,243,420,299,459
292.jpg,900,900,tip,454,501,513,548
292.jpg,900,900,tip,458,450,514,492
292.jpg,900,900,tip,482,314,545,380
292.jpg,900,900,tip,653,447,733,500
136.jpg,900,900,tip,181,415,247,474
136.jpg,900,900,tip,248,291,320,361
136.jpg,900,900,tip,367,236,436,320
136.jpg,900,900,tip,494,286,560,359
136.jpg,900,900,tip,624,430,707,524
177.jpg,900,900,tip,313,443,365,497
177.jpg,900,900,tip,427,392,487,436
177.jpg,900,900,tip,507,388,566,432
177.jpg,900,900,tip,591,391,649,430
177.jpg,900,900,tip,774,466,846,554
490.jpg,900,900,tip,496,581,546,618
490.jpg,900,900,tip,518,558,565,598
490.jpg,900,900,tip,379,348,439,410
490.jpg,900,900,tip,442,366,493,414
490.jpg,900,900,tip,556,457,623,510
21.jpg,900,900,tip,319,297,397,347
21.jpg,900,900,tip,375,255,450,312
21.jpg,900,900,tip,438,225,514,274
21.jpg,900,900,tip,537,203,603,270
21.jpg,900,900,tip,575,307,657,376
544.jpg,900,900,tip,328,343,370,383
544.jpg,900,900,tip,370,290,412,326
544.jpg,900,900,tip,429,267,475,304
544.jpg,900,900,tip,513,272,549,312
544.jpg,900,900,tip,589,360,644,401
248.jpg,900,900,tip,291,363,326,394
248.jpg,900,900,tip,314,294,352,332
248.jpg,900,900,tip,372,257,412,295
248.jpg,900,900,tip,462,257,496,298
248.jpg,900,900,tip,611,340,666,372
66.jpg,900,900,tip,451,326,505,371
66.jpg,900,900,tip,471,292,526,324
66.jpg,900,900,tip,521,291,569,328
66.jpg,900,900,tip,571,285,631,320
66.jpg,900,900,tip,652,338,720,401
297.jpg,900,900,tip,228,411,286,455
297.jpg,900,900,tip,318,301,388,368
297.jpg,900,900,tip,383,271,463,330
297.jpg,900,900,tip,484,292,547,347
297.jpg,900,900,tip,695,447,781,488
336.jpg,900,900,tip,345,317,406,387
336.jpg,900,900,tip,423,255,486,331
336.jpg,900,900,tip,562,240,624,320
336.jpg,900,900,tip,615,271,642,337
336.jpg,900,900,tip,615,414,656,504
83.jpg,900,900,tip,552,434,574,451
83.jpg,900,900,tip,567,431,596,448
83.jpg,900,900,tip,586,423,613,442
83.jpg,900,900,tip,612,410,637,434
83.jpg,900,900,tip,674,399,713,421
84.jpg,900,900,tip,299,449,356,484
84.jpg,900,900,tip,357,358,410,406
84.jpg,900,900,tip,426,335,492,388
84.jpg,900,900,tip,567,538,619,586
84.jpg,900,900,tip,727,474,803,516
44.jpg,900,900,tip,312,411,355,448
44.jpg,900,900,tip,457,496,502,532
44.jpg,900,900,tip,418,421,472,468
44.jpg,900,900,tip,424,325,468,370
44.jpg,900,900,tip,489,333,530,383
15.jpg,900,900,tip,417,444,447,467
15.jpg,900,900,tip,439,396,475,421
15.jpg,900,900,tip,480,366,512,389
15.jpg,900,900,tip,527,355,561,382
15.jpg,900,900,tip,632,424,682,444
500.jpg,900,900,tip,365,400,428,466
500.jpg,900,900,tip,464,322,521,386
500.jpg,900,900,tip,528,277,602,352
500.jpg,900,900,tip,684,455,746,517
500.jpg,900,900,tip,799,467,869,508
126.jpg,900,900,tip,313,444,360,484
126.jpg,900,900,tip,505,530,555,572
126.jpg,900,900,tip,525,506,569,544
126.jpg,900,900,tip,497,382,544,428
126.jpg,900,900,tip,619,473,679,534
181.jpg,900,900,tip,351,317,406,378
181.jpg,900,900,tip,420,253,487,321
181.jpg,900,900,tip,563,234,624,318
181.jpg,900,900,tip,616,269,647,345
181.jpg,900,900,tip,609,420,665,505
220.jpg,900,900,tip,118,305,208,380
220.jpg,900,900,tip,407,488,512,555
220.jpg,900,900,tip,260,170,361,249
220.jpg,900,900,tip,464,245,539,306
220.jpg,900,900,tip,717,390,840,478
143.jpg,900,900,tip,393,441,437,477
143.jpg,900,900,tip,423,426,464,457
143.jpg,900,900,tip,437,399,494,439
143.jpg,900,900,tip,398,216,448,266
143.jpg,900,900,tip,491,311,543,361
516.jpg,900,900,tip,284,260,361,345
516.jpg,900,900,tip,316,186,405,253
516.jpg,900,900,tip,398,127,492,208
516.jpg,900,900,tip,489,137,577,231
516.jpg,900,900,tip,643,333,757,448
312.jpg,900,900,tip,338,590,439,677
312.jpg,900,900,tip,426,546,544,625
312.jpg,900,900,tip,529,497,639,585
312.jpg,900,900,tip,693,492,825,564
311.jpg,900,900,tip,291,370,336,426
311.jpg,900,900,tip,503,484,557,531
311.jpg,900,900,tip,401,443,457,487
311.jpg,900,900,tip,481,415,537,453
311.jpg,900,900,tip,544,429,590,475
85.jpg,900,900,tip,396,368,460,407
85.jpg,900,900,tip,364,206,419,270
85.jpg,900,900,tip,448,178,504,240
85.jpg,900,900,tip,536,219,599,268
85.jpg,900,900,tip,556,325,625,387
473.jpg,900,900,tip,333,257,388,300
473.jpg,900,900,tip,361,171,408,217
473.jpg,900,900,tip,433,104,485,163
473.jpg,900,900,tip,530,101,588,154
473.jpg,900,900,tip,723,185,786,246
351.jpg,900,900,tip,364,304,411,347
351.jpg,900,900,tip,405,293,459,341
351.jpg,900,900,tip,444,280,506,325
351.jpg,900,900,tip,495,271,550,314
351.jpg,900,900,tip,299,330,385,375
493.jpg,900,900,tip,556,347,592,381
493.jpg,900,900,tip,533,191,577,230
493.jpg,900,900,tip,589,187,624,234
493.jpg,900,900,tip,699,297,742,341
103.jpg,900,900,tip,317,386,366,416
103.jpg,900,900,tip,424,298,470,340
103.jpg,900,900,tip,509,271,561,320
103.jpg,900,900,tip,600,299,646,352
103.jpg,900,900,tip,703,470,790,510
224.jpg,900,900,tip,269,376,319,420
224.jpg,900,900,tip,322,243,392,302
224.jpg,900,900,tip,522,431,594,492
224.jpg,900,900,tip,504,232,579,296
224.jpg,900,900,tip,703,401,802,466
60.jpg,900,900,tip,468,489,534,539
60.jpg,900,900,tip,507,461,574,508
60.jpg,900,900,tip,531,421,595,465
60.jpg,900,900,tip,592,440,650,485
60.jpg,900,900,tip,717,417,799,476
100.jpg,900,900,tip,314,306,374,341
100.jpg,900,900,tip,323,226,381,269
100.jpg,900,900,tip,374,210,431,249
100.jpg,900,900,tip,477,246,529,281
100.jpg,900,900,tip,487,305,574,358
34.jpg,900,900,tip,301,249,359,297
34.jpg,900,900,tip,520,392,585,440
34.jpg,900,900,tip,439,162,497,222
34.jpg,900,900,tip,506,229,554,283
34.jpg,900,900,tip,723,363,795,411
293.jpg,900,900,tip,285,419,334,452
293.jpg,900,900,tip,300,340,344,378
293.jpg,900,900,tip,361,299,415,340
293.jpg,900,900,tip,457,302,507,340
293.jpg,900,900,tip,613,372,672,421
508.jpg,900,900,tip,184,283,249,360
508.jpg,900,900,tip,189,212,276,293
508.jpg,900,900,tip,448,167,516,241
508.jpg,900,900,tip,495,197,557,275
508.jpg,900,900,tip,511,377,579,466
339.jpg,900,900,tip,356,433,399,478
339.jpg,900,900,tip,423,434,470,481
339.jpg,900,900,tip,525,531,576,566
339.jpg,900,900,tip,534,431,585,474
339.jpg,900,900,tip,666,498,735,546
121.jpg,900,900,tip,391,436,452,466
121.jpg,900,900,tip,415,405,471,444
121.jpg,900,900,tip,329,178,390,235
121.jpg,900,900,tip,381,191,441,243
121.jpg,900,900,tip,506,307,565,382
348.jpg,900,900,tip,458,540,531,595
348.jpg,900,900,tip,430,406,499,457
348.jpg,900,900,tip,440,318,506,367
348.jpg,900,900,tip,585,405,645,453
348.jpg,900,900,tip,552,426,611,487
357.jpg,900,900,tip,311,385,362,427
357.jpg,900,900,tip,398,277,458,337
357.jpg,900,900,tip,492,308,551,358
357.jpg,900,900,tip,555,273,608,330
357.jpg,900,900,tip,653,377,716,454
31.jpg,900,900,tip,524,498,595,563
31.jpg,900,900,tip,634,424,738,474
234.jpg,900,900,tip,289,400,345,443
234.jpg,900,900,tip,347,333,402,378
234.jpg,900,900,tip,414,306,471,351
234.jpg,900,900,tip,503,324,561,371
234.jpg,900,900,tip,596,426,655,482
421.jpg,900,900,tip,406,509,486,581
421.jpg,900,900,tip,462,477,539,545
421.jpg,900,900,tip,527,458,595,509
421.jpg,900,900,tip,556,279,643,359
144.jpg,900,900,tip,291,425,338,456
144.jpg,900,900,tip,470,486,512,532
144.jpg,900,900,tip,379,346,438,398
144.jpg,900,900,tip,477,366,532,403
144.jpg,900,900,tip,594,405,649,469
496.jpg,900,900,tip,315,405,371,446
496.jpg,900,900,tip,395,325,439,377
496.jpg,900,900,tip,497,299,552,347
496.jpg,900,900,tip,589,332,636,375
496.jpg,900,900,tip,713,451,781,485
443.jpg,900,900,tip,459,505,506,540
443.jpg,900,900,tip,499,495,538,526
443.jpg,900,900,tip,523,475,552,510
443.jpg,900,900,tip,437,512,470,545
110.jpg,900,900,tip,164,423,207,460
110.jpg,900,900,tip,231,351,283,390
110.jpg,900,900,tip,305,322,352,359
110.jpg,900,900,tip,400,336,442,377
110.jpg,900,900,tip,484,441,545,495
410.jpg,900,900,tip,392,408,448,457
410.jpg,900,900,tip,386,361,446,407
410.jpg,900,900,tip,439,343,495,388
410.jpg,900,900,tip,555,416,622,464
410.jpg,900,900,tip,427,470,494,534
165.jpg,900,900,tip,231,305,302,356
165.jpg,900,900,tip,329,231,398,287
165.jpg,900,900,tip,441,189,514,252
165.jpg,900,900,tip,583,210,650,276
165.jpg,900,900,tip,643,357,722,447
282.jpg,900,900,tip,376,464,429,509
282.jpg,900,900,tip,422,415,486,454
282.jpg,900,900,tip,475,377,539,426
282.jpg,900,900,tip,564,377,620,422
282.jpg,900,900,tip,554,449,624,522
430.jpg,900,900,tip,336,324,370,360
430.jpg,900,900,tip,390,264,437,308
430.jpg,900,900,tip,466,248,506,291
430.jpg,900,900,tip,541,275,576,314
430.jpg,900,900,tip,618,373,666,406
512.jpg,900,900,tip,536,345,572,383
512.jpg,900,900,tip,513,198,546,246
512.jpg,900,900,tip,555,201,593,246
512.jpg,900,900,tip,675,303,732,343
194.jpg,900,900,tip,261,399,346,460
194.jpg,900,900,tip,348,395,444,472
194.jpg,900,900,tip,396,352,496,429
194.jpg,900,900,tip,473,301,566,378
194.jpg,900,900,tip,541,359,681,455
313.jpg,900,900,tip,456,366,499,403
313.jpg,900,900,tip,517,300,573,341
313.jpg,900,900,tip,578,277,629,326
313.jpg,900,900,tip,669,291,713,340
313.jpg,900,900,tip,761,388,821,443
396.jpg,900,900,tip,408,420,451,454
396.jpg,900,900,tip,579,413,623,453
396.jpg,900,900,tip,425,334,477,377
396.jpg,900,900,tip,526,308,570,341
396.jpg,900,900,tip,642,339,707,387
471.jpg,900,900,tip,423,358,492,423
471.jpg,900,900,tip,455,297,533,358
471.jpg,900,900,tip,677,288,736,355
471.jpg,900,900,tip,719,319,779,383
471.jpg,900,900,tip,751,493,837,580
417.jpg,900,900,tip,458,477,493,506
417.jpg,900,900,tip,465,405,509,444
417.jpg,900,900,tip,512,368,553,404
417.jpg,900,900,tip,582,364,626,404
417.jpg,900,900,tip,741,408,795,446
530.jpg,900,900,tip,464,511,504,544
530.jpg,900,900,tip,489,499,533,531
530.jpg,900,900,tip,525,492,568,519
530.jpg,900,900,tip,527,426,560,458
528.jpg,900,900,tip,507,330,536,359
528.jpg,900,900,tip,441,206,484,255
528.jpg,900,900,tip,510,183,548,221
528.jpg,900,900,tip,550,183,581,227
528.jpg,900,900,tip,675,297,726,332
495.jpg,900,900,tip,221,243,311,307
495.jpg,900,900,tip,357,246,453,328
495.jpg,900,900,tip,408,145,517,204
495.jpg,900,900,tip,551,191,646,245
495.jpg,900,900,tip,738,383,850,454
372.jpg,900,900,tip,329,414,399,479
372.jpg,900,900,tip,388,387,472,450
372.jpg,900,900,tip,475,386,559,458
372.jpg,900,900,tip,557,398,624,470
372.jpg,900,900,tip,625,384,723,507
27.jpg,900,900,tip,196,438,274,485
27.jpg,900,900,tip,286,445,376,499
27.jpg,900,900,tip,362,428,445,476
27.jpg,900,900,tip,318,271,415,329
27.jpg,900,900,tip,531,344,611,440
296.jpg,900,900,tip,332,415,382,459
296.jpg,900,900,tip,399,490,448,531
296.jpg,900,900,tip,504,523,547,565
296.jpg,900,900,tip,536,507,585,554
296.jpg,900,900,tip,544,369,588,423
322.jpg,900,900,tip,262,254,308,303
322.jpg,900,900,tip,301,199,365,252
322.jpg,900,900,tip,376,181,432,226
322.jpg,900,900,tip,469,205,523,247
322.jpg,900,900,tip,599,312,658,379
536.jpg,900,900,tip,472,375,511,412
536.jpg,900,900,tip,575,423,602,450
536.jpg,900,900,tip,592,406,619,432
536.jpg,900,900,tip,593,366,628,394
536.jpg,900,900,tip,687,390,728,424
428.jpg,900,900,tip,216,306,281,375
428.jpg,900,900,tip,279,300,355,359
428.jpg,900,900,tip,356,298,437,354
428.jpg,900,900,tip,445,233,522,293
428.jpg,900,900,tip,653,401,775,453
390.jpg,900,900,tip,223,437,284,479
390.jpg,900,900,tip,302,298,368,361
390.jpg,900,900,tip,493,495,559,558
390.jpg,900,900,tip,486,291,544,360
390.jpg,900,900,tip,686,491,782,534
108.jpg,900,900,tip,297,407,351,452
108.jpg,900,900,tip,387,319,445,369
108.jpg,900,900,tip,449,268,515,335
108.jpg,900,900,tip,560,467,625,528
108.jpg,900,900,tip,718,444,786,505
285.jpg,900,900,tip,213,312,266,352
285.jpg,900,900,tip,425,400,480,452
285.jpg,900,900,tip,450,379,510,419
285.jpg,900,900,tip,416,222,478,270
285.jpg,900,900,tip,542,343,602,389
124.jpg,900,900,tip,553,385,574,402
124.jpg,900,900,tip,574,382,607,407
124.jpg,900,900,tip,596,370,626,396
124.jpg,900,900,tip,619,355,644,381
124.jpg,900,900,tip,642,294,676,336
148.jpg,900,900,tip,193,404,259,452
148.jpg,900,900,tip,307,315,373,375
148.jpg,900,900,tip,407,291,464,361
148.jpg,900,900,tip,520,364,575,415
148.jpg,900,900,tip,629,508,708,564
77.jpg,900,900,tip,207,400,283,461
77.jpg,900,900,tip,280,313,345,393
77.jpg,900,900,tip,319,446,401,516
77.jpg,900,900,tip,355,291,428,358
77.jpg,900,900,tip,509,305,574,371
520.jpg,900,900,tip,491,440,541,486
520.jpg,900,900,tip,468,365,529,418
520.jpg,900,900,tip,431,299,497,337
520.jpg,900,900,tip,536,312,593,351
520.jpg,900,900,tip,593,365,648,424
226.jpg,900,900,tip,231,439,286,481
226.jpg,900,900,tip,291,325,356,372
226.jpg,900,900,tip,355,279,426,332
226.jpg,900,900,tip,484,313,551,364
226.jpg,900,900,tip,701,452,795,499
439.jpg,900,900,tip,238,287,299,332
439.jpg,900,900,tip,330,227,384,274
439.jpg,900,900,tip,409,205,476,266
439.jpg,900,900,tip,511,212,570,272
439.jpg,900,900,tip,664,366,747,419
466.jpg,900,900,tip,168,345,224,388
466.jpg,900,900,tip,248,226,306,275
466.jpg,900,900,tip,393,320,449,361
466.jpg,900,900,tip,410,224,462,284
466.jpg,900,900,tip,505,317,569,379
504.jpg,900,900,tip,162,450,261,511
504.jpg,900,900,tip,267,324,340,402
504.jpg,900,900,tip,389,271,465,347
504.jpg,900,900,tip,550,266,633,353
504.jpg,900,900,tip,758,484,877,547
186.jpg,900,900,tip,341,285,433,367
186.jpg,900,900,tip,422,246,513,341
186.jpg,900,900,tip,526,239,606,344
186.jpg,900,900,tip,603,257,659,341
186.jpg,900,900,tip,647,333,749,460
217.jpg,900,900,tip,240,407,290,445
217.jpg,900,900,tip,237,358,294,399
217.jpg,900,900,tip,266,333,320,372
217.jpg,900,900,tip,464,322,508,380
217.jpg,900,900,tip,587,468,671,502
442.jpg,900,900,tip,249,371,301,411
442.jpg,900,900,tip,330,277,386,332
442.jpg,900,900,tip,424,237,481,293
442.jpg,900,900,tip,530,261,583,307
442.jpg,900,900,tip,706,431,777,483
267.jpg,900,900,tip,286,327,351,379
267.jpg,900,900,tip,370,339,420,389
267.jpg,900,900,tip,405,322,467,371
267.jpg,900,900,tip,471,329,530,380
267.jpg,900,900,tip,531,324,579,374
150.jpg,900,900,tip,330,367,383,430
150.jpg,900,900,tip,451,370,513,409
150.jpg,900,900,tip,509,343,569,391
150.jpg,900,900,tip,574,316,636,363
150.jpg,900,900,tip,731,370,813,447
82.jpg,900,900,tip,535,365,599,425
82.jpg,900,900,tip,403,280,479,344
82.jpg,900,900,tip,338,327,405,391
82.jpg,900,900,tip,263,420,327,463
82.jpg,900,900,tip,753,406,837,481
527.jpg,900,900,tip,264,446,331,491
527.jpg,900,900,tip,296,347,362,400
527.jpg,900,900,tip,371,299,441,361
527.jpg,900,900,tip,499,333,567,395
527.jpg,900,900,tip,613,386,681,473
242.jpg,900,900,tip,404,443,447,472
242.jpg,900,900,tip,379,381,427,412
242.jpg,900,900,tip,400,333,443,366
242.jpg,900,900,tip,464,304,505,340
242.jpg,900,900,tip,617,325,658,374
29.jpg,900,900,tip,322,390,375,446
29.jpg,900,900,tip,505,535,557,585
29.jpg,900,900,tip,549,540,589,587
29.jpg,900,900,tip,551,378,611,420
29.jpg,900,900,tip,707,506,774,553
192.jpg,900,900,tip,165,337,222,378
192.jpg,900,900,tip,229,231,290,286
192.jpg,900,900,tip,283,193,350,251
192.jpg,900,900,tip,407,257,476,294
192.jpg,900,900,tip,530,311,594,374
314.jpg,900,900,tip,429,621,519,705
314.jpg,900,900,tip,511,630,612,720
314.jpg,900,900,tip,590,571,691,667
314.jpg,900,900,tip,649,138,748,241
314.jpg,900,900,tip,769,457,885,531
434.jpg,900,900,tip,166,260,281,350
434.jpg,900,900,tip,339,208,455,287
434.jpg,900,900,tip,446,160,570,248
434.jpg,900,900,tip,598,263,697,350
434.jpg,900,900,tip,708,384,830,513
498.jpg,900,900,tip,317,477,396,546
498.jpg,900,900,tip,386,508,457,575
498.jpg,900,900,tip,437,454,528,531
498.jpg,900,900,tip,519,412,599,491
498.jpg,900,900,tip,632,301,750,374
185.jpg,900,900,tip,307,403,363,445
185.jpg,900,900,tip,338,470,389,520
185.jpg,900,900,tip,437,510,494,549
185.jpg,900,900,tip,466,478,514,519
185.jpg,900,900,tip,512,477,559,522
472.jpg,900,900,tip,192,261,278,337
472.jpg,900,900,tip,349,143,424,231
472.jpg,900,900,tip,489,105,571,201
472.jpg,900,900,tip,596,152,689,246
472.jpg,900,900,tip,761,470,895,535
93.jpg,900,900,tip,372,581,434,626
93.jpg,900,900,tip,425,588,510,653
93.jpg,900,900,tip,482,552,555,616
93.jpg,900,900,tip,541,528,602,582
93.jpg,900,900,tip,561,358,632,445
237.jpg,900,900,tip,283,387,337,432
237.jpg,900,900,tip,457,420,522,457
237.jpg,900,900,tip,414,294,474,354
237.jpg,900,900,tip,538,330,589,386
237.jpg,900,900,tip,719,495,803,538
48.jpg,900,900,tip,374,347,417,394
48.jpg,900,900,tip,387,305,434,345
48.jpg,900,900,tip,433,290,475,329
48.jpg,900,900,tip,538,313,579,353
48.jpg,900,900,tip,471,386,529,429
8.jpg,900,900,tip,263,415,314,453
8.jpg,900,900,tip,333,391,399,438
8.jpg,900,900,tip,405,263,464,323
8.jpg,900,900,tip,484,302,542,354
8.jpg,900,900,tip,573,428,648,494
326.jpg,900,900,tip,327,440,378,484
326.jpg,900,900,tip,386,341,445,391
326.jpg,900,900,tip,449,305,513,350
326.jpg,900,900,tip,631,477,682,531
326.jpg,900,900,tip,641,428,691,481
324.jpg,900,900,tip,231,392,299,451
324.jpg,900,900,tip,330,393,409,440
324.jpg,900,900,tip,404,281,463,350
324.jpg,900,900,tip,488,308,552,375
324.jpg,900,900,tip,583,415,677,527
199.jpg,900,900,tip,274,470,348,536
199.jpg,900,900,tip,338,373,410,435
199.jpg,900,900,tip,422,335,495,399
199.jpg,900,900,tip,540,391,598,442
199.jpg,900,900,tip,687,462,763,543
328.jpg,900,900,tip,359,426,403,464
328.jpg,900,900,tip,429,360,479,413
328.jpg,900,900,tip,501,339,558,391
328.jpg,900,900,tip,592,370,652,417
328.jpg,900,900,tip,602,467,662,533
210.jpg,900,900,tip,285,353,352,409
210.jpg,900,900,tip,532,511,609,563
210.jpg,900,900,tip,539,444,610,495
210.jpg,900,900,tip,592,434,654,486
525.jpg,900,900,tip,323,479,375,515
525.jpg,900,900,tip,372,343,437,396
525.jpg,900,900,tip,546,490,619,547
525.jpg,900,900,tip,519,340,583,406
525.jpg,900,900,tip,782,461,869,514
503.jpg,900,900,tip,188,428,251,472
503.jpg,900,900,tip,273,298,352,364
503.jpg,900,900,tip,390,251,471,325
503.jpg,900,900,tip,506,288,579,361
503.jpg,900,900,tip,735,475,843,537
384.jpg,900,900,tip,415,411,457,435
384.jpg,900,900,tip,428,367,466,399
384.jpg,900,900,tip,422,314,456,345
384.jpg,900,900,tip,478,320,512,347
384.jpg,900,900,tip,530,366,568,405
432.jpg,900,900,tip,52,341,110,379
432.jpg,900,900,tip,109,240,175,291
432.jpg,900,900,tip,203,175,265,238
432.jpg,900,900,tip,286,165,348,226
432.jpg,900,900,tip,368,287,422,353
391.jpg,900,900,tip,341,430,396,471
391.jpg,900,900,tip,542,485,604,538
391.jpg,900,900,tip,502,380,566,418
391.jpg,900,900,tip,577,375,631,415
391.jpg,900,900,tip,768,413,842,483
145.jpg,900,900,tip,354,343,408,382
145.jpg,900,900,tip,452,312,513,340
145.jpg,900,900,tip,476,342,532,398
145.jpg,900,900,tip,467,247,524,301
145.jpg,900,900,tip,558,338,612,374
212.jpg,900,900,tip,242,319,306,379
212.jpg,900,900,tip,323,270,392,330
212.jpg,900,900,tip,398,253,460,320
212.jpg,900,900,tip,497,306,560,354
212.jpg,900,900,tip,506,388,582,468
375.jpg,900,900,tip,173,390,238,435
375.jpg,900,900,tip,273,308,328,370
375.jpg,900,900,tip,333,264,401,332
375.jpg,900,900,tip,495,461,564,513
375.jpg,900,900,tip,613,433,721,490
457.jpg,900,900,tip,385,443,443,470
457.jpg,900,900,tip,399,412,452,453
457.jpg,900,900,tip,272,191,326,243
457.jpg,900,900,tip,343,227,395,265
457.jpg,900,900,tip,490,321,546,391
398.jpg,900,900,tip,431,226,491,301
398.jpg,900,900,tip,487,135,553,234
398.jpg,900,900,tip,553,105,643,212
398.jpg,900,900,tip,636,150,695,241
398.jpg,900,900,tip,701,357,772,447
330.jpg,900,900,tip,485,531,523,574
330.jpg,900,900,tip,489,451,532,504
330.jpg,900,900,tip,460,371,514,413
330.jpg,900,900,tip,545,365,588,412
330.jpg,900,900,tip,685,481,761,525
461.jpg,900,900,tip,293,373,349,423
461.jpg,900,900,tip,342,313,401,364
461.jpg,900,900,tip,425,279,481,339
461.jpg,900,900,tip,491,298,536,357
461.jpg,900,900,tip,505,403,559,468
18.jpg,900,900,tip,330,427,371,475
18.jpg,900,900,tip,329,370,383,409
18.jpg,900,900,tip,389,342,434,387
18.jpg,900,900,tip,479,356,524,399
18.jpg,900,900,tip,560,420,606,473
488.jpg,900,900,tip,216,426,293,473
488.jpg,900,900,tip,318,304,392,371
488.jpg,900,900,tip,430,267,498,337
488.jpg,900,900,tip,540,299,601,379
488.jpg,900,900,tip,711,467,818,533
482.jpg,900,900,tip,423,406,455,430
482.jpg,900,900,tip,343,283,389,313
482.jpg,900,900,tip,416,277,453,315
482.jpg,900,900,tip,529,353,579,384
106.jpg,900,900,tip,240,337,297,395
106.jpg,900,900,tip,302,275,364,335
106.jpg,900,900,tip,387,263,449,318
106.jpg,900,900,tip,524,348,580,410
106.jpg,900,900,tip,714,421,788,464
54.jpg,900,900,tip,311,585,389,625
54.jpg,900,900,tip,288,528,372,570
54.jpg,900,900,tip,324,372,396,425
54.jpg,900,900,tip,401,359,472,395
54.jpg,900,900,tip,636,396,719,463
76.jpg,900,900,tip,462,340,509,381
76.jpg,900,900,tip,518,296,566,333
76.jpg,900,900,tip,604,272,645,312
76.jpg,900,900,tip,697,301,739,339
76.jpg,900,900,tip,793,426,857,464
392.jpg,900,900,tip,328,246,398,313
392.jpg,900,900,tip,322,181,406,249
392.jpg,900,900,tip,388,141,461,214
392.jpg,900,900,tip,459,159,529,216
392.jpg,900,900,tip,613,302,701,379
246.jpg,900,900,tip,415,350,448,383
246.jpg,900,900,tip,451,298,490,335
246.jpg,900,900,tip,515,263,561,303
246.jpg,900,900,tip,588,275,624,316
246.jpg,900,900,tip,690,378,736,434
385.jpg,900,900,tip,588,357,616,391
385.jpg,900,900,tip,690,411,734,441
385.jpg,900,900,tip,646,300,685,340
385.jpg,900,900,tip,708,317,742,350
385.jpg,900,900,tip,829,394,886,419
131.jpg,900,900,tip,308,449,359,496
131.jpg,900,900,tip,494,530,544,566
131.jpg,900,900,tip,527,514,570,554
131.jpg,900,900,tip,545,499,595,534
131.jpg,900,900,tip,629,474,700,524
541.jpg,900,900,tip,390,401,442,453
541.jpg,900,900,tip,377,350,440,397
541.jpg,900,900,tip,437,326,503,390
541.jpg,900,900,tip,532,354,599,415
541.jpg,900,900,tip,417,457,481,527
379.jpg,900,900,tip,224,431,282,495
379.jpg,900,900,tip,406,521,475,573
379.jpg,900,900,tip,456,499,523,554
379.jpg,900,900,tip,509,475,559,532
379.jpg,900,900,tip,591,470,676,527
101.jpg,900,900,tip,413,618,458,659
101.jpg,900,900,tip,450,610,512,664
101.jpg,900,900,tip,502,594,550,642
101.jpg,900,900,tip,542,575,588,625
101.jpg,900,900,tip,549,480,621,546
386.jpg,900,900,tip,231,324,331,411
386.jpg,900,900,tip,317,299,422,387
386.jpg,900,900,tip,430,281,538,378
386.jpg,900,900,tip,548,284,642,387
386.jpg,900,900,tip,639,375,749,500
310.jpg,900,900,tip,250,287,346,373
310.jpg,900,900,tip,331,243,426,341
310.jpg,900,900,tip,441,241,535,341
310.jpg,900,900,tip,524,263,585,344
310.jpg,900,900,tip,580,335,675,436
458.jpg,900,900,tip,415,526,455,553
458.jpg,900,900,tip,442,512,484,543
458.jpg,900,900,tip,316,313,377,360
458.jpg,900,900,tip,438,311,493,361
458.jpg,900,900,tip,481,413,528,470
99.jpg,900,900,tip,224,338,270,371
99.jpg,900,900,tip,250,238,306,284
99.jpg,900,900,tip,330,197,391,249
99.jpg,900,900,tip,471,384,536,427
99.jpg,900,900,tip,570,347,636,378
247.jpg,900,900,tip,405,454,452,489
247.jpg,900,900,tip,417,489,479,534
247.jpg,900,900,tip,413,372,476,431
247.jpg,900,900,tip,517,355,575,428
247.jpg,900,900,tip,578,379,633,455
206.jpg,900,900,tip,325,379,375,413
206.jpg,900,900,tip,499,410,549,454
206.jpg,900,900,tip,406,289,461,333
206.jpg,900,900,tip,517,309,559,358
206.jpg,900,900,tip,668,409,743,456
279.jpg,900,900,tip,216,429,278,477
279.jpg,900,900,tip,371,406,436,455
279.jpg,900,900,tip,329,310,390,361
279.jpg,900,900,tip,474,305,532,364
279.jpg,900,900,tip,689,449,777,499
86.jpg,900,900,tip,501,366,547,403
86.jpg,900,900,tip,536,375,569,414
86.jpg,900,900,tip,556,358,596,398
86.jpg,900,900,tip,589,332,628,371
86.jpg,900,900,tip,662,254,746,296
360.jpg,900,900,tip,510,563,555,599
360.jpg,900,900,tip,538,535,583,583
360.jpg,900,900,tip,443,368,501,423
360.jpg,900,900,tip,518,379,572,427
360.jpg,900,900,tip,673,477,739,515
200.jpg,900,900,tip,333,374,374,433
200.jpg,900,900,tip,358,459,410,508
200.jpg,900,900,tip,455,500,513,546
200.jpg,900,900,tip,448,395,502,434
200.jpg,900,900,tip,471,327,529,390
133.jpg,900,900,tip,247,349,308,395
133.jpg,900,900,tip,325,274,383,339
133.jpg,900,900,tip,402,248,467,321
133.jpg,900,900,tip,482,272,543,332
133.jpg,900,900,tip,540,340,604,409
542.jpg,900,900,tip,257,379,338,447
542.jpg,900,900,tip,348,390,443,470
542.jpg,900,900,tip,426,372,523,455
542.jpg,900,900,tip,492,332,587,408
542.jpg,900,900,tip,569,372,676,459
388.jpg,900,900,tip,206,275,277,329
388.jpg,900,900,tip,271,179,341,232
388.jpg,900,900,tip,371,136,442,195
388.jpg,900,900,tip,483,148,538,221
388.jpg,900,900,tip,688,346,770,388
550.jpg,900,900,tip,173,354,242,413
550.jpg,900,900,tip,422,494,493,558
550.jpg,900,900,tip,250,273,336,330
550.jpg,900,900,tip,373,325,435,377
550.jpg,900,900,tip,588,430,659,485
273.jpg,900,900,tip,298,402,336,438
273.jpg,900,900,tip,315,324,365,365
273.jpg,900,900,tip,356,291,406,330
273.jpg,900,900,tip,507,410,549,453
273.jpg,900,900,tip,636,386,703,425
365.jpg,900,900,tip,246,294,310,335
365.jpg,900,900,tip,471,386,524,432
365.jpg,900,900,tip,355,200,417,251
365.jpg,900,900,tip,467,231,513,281
365.jpg,900,900,tip,602,338,669,387
233.jpg,900,900,tip,469,503,514,545
233.jpg,900,900,tip,480,482,527,520
233.jpg,900,900,tip,398,436,439,478
233.jpg,900,900,tip,494,391,548,426
233.jpg,900,900,tip,541,403,588,449
90.jpg,900,900,tip,622,444,670,489
90.jpg,900,900,tip,532,256,579,304
90.jpg,900,900,tip,458,282,507,327
90.jpg,900,900,tip,444,323,482,368
90.jpg,900,900,tip,693,406,759,440
39.jpg,900,900,tip,514,413,531,428
39.jpg,900,900,tip,526,403,554,423
39.jpg,900,900,tip,546,396,568,409
39.jpg,900,900,tip,554,380,580,398
39.jpg,900,900,tip,586,334,610,363
57.jpg,900,900,tip,362,355,409,421
57.jpg,900,900,tip,386,294,441,352
57.jpg,900,900,tip,509,275,562,331
57.jpg,900,900,tip,576,296,628,360
57.jpg,900,900,tip,674,474,757,529
155.jpg,900,900,tip,241,412,312,472
155.jpg,900,900,tip,272,320,346,399
155.jpg,900,900,tip,345,303,413,373
155.jpg,900,900,tip,483,299,547,375
155.jpg,900,900,tip,612,411,703,507
454.jpg,900,900,tip,178,364,242,419
454.jpg,900,900,tip,255,263,323,321
454.jpg,900,900,tip,349,218,411,272
454.jpg,900,900,tip,476,238,531,317
454.jpg,900,900,tip,669,437,771,484
338.jpg,900,900,tip,391,393,432,421
338.jpg,900,900,tip,516,474,546,501
338.jpg,900,900,tip,539,463,583,492
338.jpg,900,900,tip,512,346,552,382
338.jpg,900,900,tip,651,434,713,464
193.jpg,900,900,tip,337,312,398,363
193.jpg,900,900,tip,340,229,399,317
193.jpg,900,900,tip,389,210,445,295
193.jpg,900,900,tip,517,222,588,292
193.jpg,900,900,tip,589,357,661,435
94.jpg,900,900,tip,163,380,262,449
94.jpg,900,900,tip,308,319,416,389
94.jpg,900,900,tip,416,305,530,383
94.jpg,900,900,tip,557,376,655,465
94.jpg,900,900,tip,646,498,777,600
394.jpg,900,900,tip,151,305,248,383
394.jpg,900,900,tip,268,334,349,406
394.jpg,900,900,tip,332,315,393,387
394.jpg,900,900,tip,396,318,464,390
394.jpg,900,900,tip,430,381,536,456
232.jpg,900,900,tip,408,644,453,690
232.jpg,900,900,tip,450,641,514,696
232.jpg,900,900,tip,488,617,547,670
232.jpg,900,900,tip,489,399,551,454
232.jpg,900,900,tip,646,550,725,599
35.jpg,900,900,tip,397,504,454,551
35.jpg,900,900,tip,410,421,465,469
35.jpg,900,900,tip,437,334,500,394
35.jpg,900,900,tip,567,524,619,579
35.jpg,900,900,tip,727,476,795,521
321.jpg,900,900,tip,418,401,451,437
321.jpg,900,900,tip,410,347,457,383
321.jpg,900,900,tip,437,306,487,338
321.jpg,900,900,tip,536,294,582,332
321.jpg,900,900,tip,569,367,625,410
475.jpg,900,900,tip,276,344,336,399
475.jpg,900,900,tip,381,253,446,323
475.jpg,900,900,tip,491,228,562,313
475.jpg,900,900,tip,596,267,661,337
475.jpg,900,900,tip,741,491,828,550
451.jpg,900,900,tip,368,465,437,512
451.jpg,900,900,tip,418,428,479,480
451.jpg,900,900,tip,470,410,544,464
451.jpg,900,900,tip,555,425,615,473
451.jpg,900,900,tip,575,500,664,557
26.jpg,900,900,tip,487,459,549,503
26.jpg,900,900,tip,509,306,560,355
26.jpg,900,900,tip,356,290,419,338
26.jpg,900,900,tip,304,403,350,433
26.jpg,900,900,tip,723,463,803,508
74.jpg,900,900,tip,141,440,235,499
74.jpg,900,900,tip,241,293,324,378
74.jpg,900,900,tip,391,229,474,312
74.jpg,900,900,tip,538,282,613,349
74.jpg,900,900,tip,752,473,863,553
411.jpg,900,900,tip,403,433,451,461
411.jpg,900,900,tip,388,372,433,403
411.jpg,900,900,tip,438,331,477,361
411.jpg,900,900,tip,579,352,612,385
411.jpg,900,900,tip,630,325,682,378
295.jpg,900,900,tip,301,413,350,451
295.jpg,900,900,tip,383,321,433,376
295.jpg,900,900,tip,524,469,574,509
295.jpg,900,900,tip,561,440,603,479
295.jpg,900,900,tip,639,443,687,504
